Date,Name,Year,Letterboxd URI
2025-01-09,1917,2019,https://boxd.it/jj4y
2025-01-09,The Hobbit: The Battle of the Five Armies,2014,https://boxd.it/43aU
2025-01-09,The Grinch,2018,https://boxd.it/chpK
2025-01-09,War Horse,2011,https://boxd.it/nf8
2025-01-09,Starter for 10,2006,https://boxd.it/1OQW
2025-01-09,Fantastic Mr. Fox,2009,https://boxd.it/1WyQ
2025-01-09,Asteroid City,2023,https://boxd.it/s3ds
2025-01-09,"The French Dispatch of the Liberty, Kansas Evening Sun",2021,https://boxd.it/jLP8
2025-01-09,Moonrise Kingdom,2012,https://boxd.it/2Wng
2025-01-09,Schindler's List,1993,https://boxd.it/2aq2
2025-01-09,Hugo,2011,https://boxd.it/R08
2025-01-09,A.I. Artificial Intelligence,2001,https://boxd.it/29Ve
2025-01-09,The Jungle Book,2016,https://boxd.it/8wjk
2025-01-09,Gandhi,1982,https://boxd.it/29Dk
2025-01-09,Zoolander,2001,https://boxd.it/1YMA
2025-01-09,Anchorman: The Legend of Ron Burgundy,2004,https://boxd.it/1ZVo
2025-01-09,Submarine,2010,https://boxd.it/H4a
2025-01-09,There's Something About Mary,1998,https://boxd.it/2aae
2025-01-09,Empire of the Sun,1987,https://boxd.it/1X4i
2025-01-09,The Cable Guy,1996,https://boxd.it/1XAI
2025-01-09,Along Came Polly,2004,https://boxd.it/22fU
2025-01-09,Eternal Sunshine of the Spotless Mind,2004,https://boxd.it/6YK
2025-01-09,Sonic the Hedgehog,2020,https://boxd.it/gdK8
2025-01-09,Dumb and Dumber,1994,https://boxd.it/206m
2025-01-09,Ace Ventura: Pet Detective,1994,https://boxd.it/25RW
2025-01-09,Lemony Snicket's A Series of Unfortunate Events,2004,https://boxd.it/1T7s
2025-01-09,Kick-Ass 2,2013,https://boxd.it/hqu
2025-01-09,A Christmas Carol,2009,https://boxd.it/1HKW
2025-01-09,Anchorman 2: The Legend Continues,2013,https://boxd.it/3GNk
2025-01-09,Man on the Moon,1999,https://boxd.it/281k
2025-01-09,Mr. Popper's Penguins,2011,https://boxd.it/kRS
2025-01-09,The Holiday,2006,https://boxd.it/28ye
2025-01-09,Steve Jobs,2015,https://boxd.it/araG
2025-01-09,Finding Neverland,2004,https://boxd.it/29pW
2025-01-09,Collateral Beauty,2016,https://boxd.it/bAIu
2025-01-09,Don't Look Up,2021,https://boxd.it/o0Hc
2025-01-09,Killers of the Flower Moon,2023,https://boxd.it/gHp0
2025-01-09,Gangs of New York,2002,https://boxd.it/25FG
2025-01-09,What's Eating Gilbert Grape,1993,https://boxd.it/28xg
2025-01-09,The Basketball Diaries,1995,https://boxd.it/1WaO
2025-01-09,The Man in the Iron Mask,1998,https://boxd.it/1YZO
2025-01-09,Body of Lies,2008,https://boxd.it/1SvS
2025-01-09,This Boy's Life,1993,https://boxd.it/20yg
2025-01-09,Spielberg,2017,https://boxd.it/gIXC
2025-01-09,Memento,2000,https://boxd.it/2bcK
2025-01-09,Dunkirk,2017,https://boxd.it/d0Y6
2025-01-09,Tenet,2020,https://boxd.it/leq4
2025-01-09,Insomnia,2002,https://boxd.it/2aB0
2025-01-09,10 Things I Hate About You,1999,https://boxd.it/23AO
2025-01-09,A Knight's Tale,2001,https://boxd.it/1YAk
2025-01-09,Candy,2006,https://boxd.it/24l6
2025-01-09,Now You See Me,2013,https://boxd.it/2Bsu
2025-01-09,Now You See Me 2,2016,https://boxd.it/99fw
2025-01-09,Miss Congeniality,2000,https://boxd.it/28GM
2025-01-09,Gnomeo & Juliet,2011,https://boxd.it/OKi
2025-01-09,Going in Style,2017,https://boxd.it/bSKS
2025-01-09,Will & Harper,2024,https://boxd.it/K5eo
2025-01-09,Stranger Than Fiction,2006,https://boxd.it/28Za
2025-01-09,Step Brothers,2008,https://boxd.it/1SsE
2025-01-09,Austin Powers: International Man of Mystery,1997,https://boxd.it/29y0
2025-01-09,The Other Guys,2010,https://boxd.it/1rtq
2025-01-09,Wedding Crashers,2005,https://boxd.it/1Yte
2025-01-09,The Lego Movie 2: The Second Part,2019,https://boxd.it/8BAU
2025-01-09,Talladega Nights: The Ballad of Ricky Bobby,2006,https://boxd.it/1XYq
2025-01-09,"I, Tonya",2017,https://boxd.it/dzR0
2025-01-09,The Big Short,2015,https://boxd.it/ajZw
2025-01-09,Birds of Prey (and the Fantabulous Emancipation of One Harley Quinn),2020,https://boxd.it/hSyO
2025-01-09,Amsterdam,2022,https://boxd.it/oJ58
2025-01-09,Focus,2015,https://boxd.it/7zl2
2025-01-09,Spotlight,2015,https://boxd.it/a84k
2025-01-09,Game Night,2018,https://boxd.it/fRtu
2025-01-09,Sherlock Holmes,2009,https://boxd.it/1W2A
2025-01-09,Southpaw,2015,https://boxd.it/9Phu
2025-01-09,Aloha,2015,https://boxd.it/6BQk
2025-01-09,Every Thing Will Be Fine,2015,https://boxd.it/7dZk
2025-01-09,Bullet Train,2022,https://boxd.it/qW26
2025-01-09,The Lego Batman Movie,2017,https://boxd.it/azp0
2025-01-09,Blink Twice,2024,https://boxd.it/vIOg
2025-01-09,She's the Man,2006,https://boxd.it/1Y7W
2025-01-09,This Is the End,2013,https://boxd.it/3GB4
2025-01-09,The Lost City,2022,https://boxd.it/sg0Q
2025-01-09,War of the Worlds,2005,https://boxd.it/2bde
2025-01-09,Fly Me to the Moon,2024,https://boxd.it/A7Xg
2025-01-09,Don Jon,2013,https://boxd.it/4sdk
2025-01-09,Smallfoot,2018,https://boxd.it/fUCE
2025-01-09,Marriage Story,2019,https://boxd.it/hJAw
2025-01-09,"Hail, Caesar!",2016,https://boxd.it/881G
2025-01-09,Vicky Cristina Barcelona,2008,https://boxd.it/23rW
2025-01-09,We Bought a Zoo,2011,https://boxd.it/2AU8
2025-01-09,Gladiator,2000,https://boxd.it/2b9m
2025-01-09,Joker: Folie à Deux,2024,https://boxd.it/xBoE
2025-01-09,Beau Is Afraid,2023,https://boxd.it/u2gE
2025-01-09,Napoleon,2023,https://boxd.it/shJM
2025-01-09,The Master,2012,https://boxd.it/2cBG
2025-01-09,Signs,2002,https://boxd.it/26t2
2025-01-09,Walk the Line,2005,https://boxd.it/2bdS
2025-01-09,Hotel Rwanda,2004,https://boxd.it/2aSA
2025-01-09,Longlegs,2024,https://boxd.it/KzLM
2025-01-09,Dream Scenario,2023,https://boxd.it/v2h0
2025-01-09,The Unbearable Weight of Massive Talent,2022,https://boxd.it/o6eK
2025-01-09,Adaptation.,2002,https://boxd.it/26mA
2025-01-09,Pig,2021,https://boxd.it/nzoW
2025-01-09,Face/Off,1997,https://boxd.it/29I0
2025-01-09,Lord of War,2005,https://boxd.it/284y
2025-01-09,Suspiria,2018,https://boxd.it/cioI
2025-01-09,Nimona,2023,https://boxd.it/Aiyc
2025-01-09,Dark Shadows,2012,https://boxd.it/bQ2
2025-01-09,The Fault in Our Stars,2014,https://boxd.it/6BQa
2025-01-09,Saving Private Ryan,1998,https://boxd.it/29ro
2025-01-09,Elvis,2022,https://boxd.it/mK4w
2025-01-09,The Polar Express,2004,https://boxd.it/23am
2025-01-09,A Man Called Otto,2022,https://boxd.it/zl06
2025-01-09,The Da Vinci Code,2006,https://boxd.it/2a3i
2025-01-09,You've Got Mail,1998,https://boxd.it/1Yye
2025-01-09,Captain Phillips,2013,https://boxd.it/3GPK
2025-01-09,Sleepless in Seattle,1993,https://boxd.it/29re
2025-01-09,The Post,2017,https://boxd.it/fTeG
2025-01-09,Apollo 13,1995,https://boxd.it/2a6G
2025-01-09,Sully,2016,https://boxd.it/cD8Q
2025-01-09,Philadelphia,1993,https://boxd.it/1XMk
2025-01-09,Bridge of Spies,2015,https://boxd.it/9n9C
2025-01-09,Cloud Atlas,2012,https://boxd.it/2W60
2025-01-09,A Beautiful Day in the Neighborhood,2019,https://boxd.it/i7vA
2025-01-09,Here,2024,https://boxd.it/zscS
2025-01-09,Greyhound,2020,https://boxd.it/iIaE
2025-01-09,Finch,2021,https://boxd.it/iXBq
2025-01-09,Jurassic Park,1993,https://boxd.it/2aA2
2025-01-09,Jaws,1975,https://boxd.it/2a5e
2025-01-09,Raiders of the Lost Ark,1981,https://boxd.it/2bbs
2025-01-09,The Fabelmans,2022,https://boxd.it/ugoM
2025-01-09,Hook,1991,https://boxd.it/29nQ
2025-01-09,Lincoln,2012,https://boxd.it/2n2s
2025-01-09,The Color Purple,1985,https://boxd.it/29oO
2025-01-09,The BFG,2016,https://boxd.it/81cs
2025-01-09,Twilight Zone: The Movie,1983,https://boxd.it/1Mtw
2025-01-09,Amistad,1997,https://boxd.it/1SZ4
2025-01-09,Sleepy Hollow,1999,https://boxd.it/26u0
2025-01-09,Moana,2016,https://boxd.it/8tfY
2025-01-09,Jumanji: The Next Level,2019,https://boxd.it/ixu4
2025-01-09,Baywatch,2017,https://boxd.it/biG6
2025-01-09,Get Smart,2008,https://boxd.it/1Tig
2025-01-09,The Game Plan,2007,https://boxd.it/1PDY
2025-01-09,DC League of Super-Pets,2022,https://boxd.it/jFTI
2025-01-09,Beautiful Boy,2018,https://boxd.it/g76Q
2025-01-09,Vice,2018,https://boxd.it/fcFY
2025-01-09,IF,2024,https://boxd.it/nJwG
2025-01-09,Battle of the Sexes,2017,https://boxd.it/cNxw
2025-01-09,Dan in Real Life,2007,https://boxd.it/218y
2025-01-09,Welcome to Marwen,2018,https://boxd.it/bNBQ
2025-01-09,Teenage Mutant Ninja Turtles: Mutant Mayhem,2023,https://boxd.it/mK0a
2025-01-09,The Lion King,2019,https://boxd.it/eSjI
2025-01-09,Kung Fu Panda 4,2024,https://boxd.it/CepE
2025-01-09,Mufasa: The Lion King,2024,https://boxd.it/sE9C
2025-01-09,The Spiderwick Chronicles,2008,https://boxd.it/20v2
2025-01-09,An American Pickle,2020,https://boxd.it/niWi
2025-01-09,Pam & Tommy,2022,https://boxd.it/yMAy
2025-01-09,The Disaster Artist,2017,https://boxd.it/cTqc
2025-01-09,The Perks of Being a Wallflower,2012,https://boxd.it/2ZA8
2025-01-09,Clueless,1995,https://boxd.it/1Ygk
2025-01-09,Ghostbusters: Afterlife,2021,https://boxd.it/f4Pw
2025-01-09,Forgetting Sarah Marshall,2008,https://boxd.it/1XEq
2025-01-09,Role Models,2008,https://boxd.it/1MmK
2025-01-09,"I Love You, Man",2009,https://boxd.it/1JZu
2025-01-09,Friends with Benefits,2011,https://boxd.it/DoK
2025-01-09,The Muppets,2011,https://boxd.it/1zg
2025-01-09,Shark Tale,2004,https://boxd.it/1VYe
2025-01-09,High Fidelity,2000,https://boxd.it/2aMW
2025-01-09,Mars Attacks!,1996,https://boxd.it/2bd4
2025-01-09,Goosebumps 2: Haunted Halloween,2018,https://boxd.it/fIKc
2025-01-09,The Big Year,2011,https://boxd.it/2wWE
2025-01-09,The Talented Mr. Ripley,1999,https://boxd.it/2924
2025-01-09,Closer,2004,https://boxd.it/270K
2025-01-09,Gattaca,1997,https://boxd.it/29Du
2025-01-09,Road to Perdition,2002,https://boxd.it/24Lo
2025-01-09,Uncut Gems,2019,https://boxd.it/gXGc
2025-01-09,Punch-Drunk Love,2002,https://boxd.it/20E4
2025-01-09,Hustle,2022,https://boxd.it/qpig
2025-01-09,Big Daddy,1999,https://boxd.it/1ZkW
2025-01-09,The Wedding Singer,1998,https://boxd.it/1USO
2025-01-09,Blended,2014,https://boxd.it/6QQY
2025-01-09,Spaceman,2024,https://boxd.it/nC20
2025-01-09,The Waterboy,1998,https://boxd.it/1VHi
2025-01-09,The Longest Yard,2005,https://boxd.it/1Z3c
2025-01-09,Leo,2023,https://boxd.it/EGzm
2025-01-09,Anger Management,2003,https://boxd.it/1YvO
2025-01-09,Mr. Deeds,2002,https://boxd.it/27BQ
2025-01-09,Funny People,2009,https://boxd.it/1CRy
2025-01-09,The Ridiculous 6,2015,https://boxd.it/bFXk
2025-01-09,The Prince of Egypt,1998,https://boxd.it/1XGQ
2025-01-09,Cheaper by the Dozen,2003,https://boxd.it/1USa
2025-01-09,Father of the Bride,1991,https://boxd.it/1SWY
2025-01-09,The Pink Panther,2006,https://boxd.it/1Sys
2025-01-09,It's Complicated,2009,https://boxd.it/1zUY
2025-01-09,Fantasia 2000,1999,https://boxd.it/ENG
2025-01-09,Cheaper by the Dozen 2,2005,https://boxd.it/1Yac
2025-01-09,Airplane!,1980,https://boxd.it/29yu
2025-01-09,The Secret Life of Pets,2016,https://boxd.it/aJ5E
2025-01-09,Captain Underpants: The First Epic Movie,2017,https://boxd.it/8312
2025-01-09,The Upside,2017,https://boxd.it/fEPM
2025-01-09,La La Land,2016,https://boxd.it/a5fa
2025-01-09,The Amazing Spider-Man,2012,https://boxd.it/27PI
2025-01-09,Birdman or (The Unexpected Virtue of Ignorance),2014,https://boxd.it/5RFA
2025-01-09,Cruella,2021,https://boxd.it/bbKg
2025-01-09,The Amazing Spider-Man 2,2014,https://boxd.it/3utM
2025-01-09,Dallas Buyers Club,2013,https://boxd.it/4O8G
2025-01-09,Kubo and the Two Strings,2016,https://boxd.it/a4wE
2025-01-09,Contact,1997,https://boxd.it/29OM
2025-01-09,Bernie,2011,https://boxd.it/3eWe
2025-01-09,Knives Out,2019,https://boxd.it/jWEA
2025-01-09,Not Another Teen Movie,2001,https://boxd.it/1TWq
2025-01-09,What's Your Number?,2011,https://boxd.it/6P4
2025-01-09,Gran Turismo,2023,https://boxd.it/B2lS
2025-01-09,Ford v Ferrari,2019,https://boxd.it/ce74
2025-01-09,Soul,2020,https://boxd.it/ioLA
2025-01-09,Aquaman,2018,https://boxd.it/9ru0
2025-01-09,The Matrix,1999,https://boxd.it/2a1m
2025-01-09,John Wick: Chapter 4,2023,https://boxd.it/mh48
2025-01-09,John Wick: Chapter 2,2017,https://boxd.it/ayGu
2025-01-09,John Wick: Chapter 3 – Parabellum,2019,https://boxd.it/gmFw
2025-01-09,John Wick,2014,https://boxd.it/7dEc
2025-01-09,Bram Stoker's Dracula,1992,https://boxd.it/223a
2025-01-09,My Own Private Idaho,1991,https://boxd.it/2ak4
2025-01-09,Point Break,1991,https://boxd.it/2958
2025-01-09,Constantine,2005,https://boxd.it/2a7E
2025-01-09,The Devil's Advocate,1997,https://boxd.it/286k
2025-01-09,Always Be My Maybe,2019,https://boxd.it/iB2y
2025-01-09,The Lake House,2006,https://boxd.it/27yM
2025-01-09,Storks,2016,https://boxd.it/aUo8
2025-01-09,The Angry Birds Movie 3,2026,https://boxd.it/NCME
2025-01-09,Migration,2023,https://boxd.it/ztfo
2025-01-09,Ocean's Eleven,2001,https://boxd.it/2aZm
2025-01-09,Mr. & Mrs. Smith,2005,https://boxd.it/29CG
2025-01-09,Being John Malkovich,1999,https://boxd.it/2ahu
2025-01-09,Fury,2014,https://boxd.it/6JwC
2025-01-09,Snatch,2000,https://boxd.it/2b7U
2025-01-09,Thelma & Louise,1991,https://boxd.it/28Ew
2025-01-09,Ad Astra,2019,https://boxd.it/ePzI
2025-01-09,Twelve Monkeys,1995,https://boxd.it/2beQ
2025-01-09,Troy,2004,https://boxd.it/29TW
2025-01-09,Meet Joe Black,1998,https://boxd.it/2aEI
2025-01-09,Wolfs,2024,https://boxd.it/x6zG
2025-01-09,Speed,1994,https://boxd.it/28qk
2025-01-09,Crash,2004,https://boxd.it/28q0
2025-01-09,Two Weeks Notice,2002,https://boxd.it/26wK
2025-01-09,Premonition,2007,https://boxd.it/1Xqe
2025-01-09,Jackie Brown,1997,https://boxd.it/2aVO
2025-01-09,Death Proof,2007,https://boxd.it/27GG
2025-01-09,Vanilla Sky,2001,https://boxd.it/27TK
2025-01-09,Magnolia,1999,https://boxd.it/2aze
2025-01-09,Collateral,2004,https://boxd.it/28F0
2025-01-09,Rain Man,1988,https://boxd.it/2avw
2025-01-09,A Few Good Men,1992,https://boxd.it/29nw
2025-01-09,The Last Samurai,2003,https://boxd.it/29ZA
2025-01-09,Oblivion,2013,https://boxd.it/2Bzq
2025-01-09,Born on the Fourth of July,1989,https://boxd.it/26A8
2025-01-09,Mission: Impossible,1996,https://boxd.it/29d2
2025-01-09,Aladdin,2019,https://boxd.it/eSjy
2025-01-09,King Richard,2021,https://boxd.it/mJZ2
2025-01-09,Independence Day,1996,https://boxd.it/2a1w
2025-01-09,"I, Robot",2004,https://boxd.it/27y8
2025-01-09,Hancock,2008,https://boxd.it/1Zv6
2025-01-09,Bad Boys,1995,https://boxd.it/1XVG
2025-01-09,Seven Pounds,2008,https://boxd.it/1U8w
2025-01-09,Ali,2001,https://boxd.it/205e
2025-01-09,Spies in Disguise,2019,https://boxd.it/fjf4
2025-01-09,Black Panther: Wakanda Forever,2022,https://boxd.it/igPu
2025-01-09,Creed,2015,https://boxd.it/a2qk
2025-01-09,Space Jam: A New Legacy,2021,https://boxd.it/dd9A
2025-01-09,Dead Poets Society,1989,https://boxd.it/2aSg
2025-01-09,Million Dollar Baby,2004,https://boxd.it/2bdI
2025-01-09,Unforgiven,1992,https://boxd.it/6Z4
2025-01-09,The Bucket List,2007,https://boxd.it/20Ye
2025-01-09,Deep Impact,1998,https://boxd.it/1ZYM
2025-01-09,Driving Miss Daisy,1989,https://boxd.it/2asC
2025-01-09,The Lord of the Rings: The Fellowship of the Ring,2001,https://boxd.it/2b5O
2025-01-09,Harry Potter and the Philosopher's Stone,2001,https://boxd.it/29QS
2025-01-09,Percy Jackson: Sea of Monsters,2013,https://boxd.it/2D8m
2025-01-09,The Mummy,1999,https://boxd.it/2a7a
2025-01-09,Uncharted,2022,https://boxd.it/b5Dy
2025-01-09,Onward,2020,https://boxd.it/io92
2025-01-09,The Devil All the Time,2020,https://boxd.it/i2tY
2025-01-09,The Impossible,2012,https://boxd.it/2N9k
2025-01-09,Dolittle,2020,https://boxd.it/fXEy
2025-01-09,Boogie Nights,1997,https://boxd.it/23um
2025-01-09,The Lovely Bones,2009,https://boxd.it/20IA
2025-01-09,The Fighter,2010,https://boxd.it/PP4
2025-01-09,Daddy's Home,2015,https://boxd.it/8jSc
2025-01-09,American Hustle,2013,https://boxd.it/5dz8
2025-01-09,Pocahontas,1995,https://boxd.it/1W2g
2025-01-09,A Nightmare on Elm Street,1984,https://boxd.it/2aw0
2025-01-09,Sweeney Todd: The Demon Barber of Fleet Street,2007,https://boxd.it/1PcS
2025-01-09,Public Enemies,2009,https://boxd.it/1U8m
2025-01-09,Blade Runner 2049,2017,https://boxd.it/b8wK
2025-01-09,Drive,2011,https://boxd.it/IG
2025-01-09,The Nice Guys,2016,https://boxd.it/94Hg
2025-01-09,The Fall Guy,2024,https://boxd.it/s0Bm
2025-01-09,Blue Valentine,2010,https://boxd.it/MxG
2025-01-09,The Place Beyond the Pines,2012,https://boxd.it/3mDu
2025-01-09,First Man,2018,https://boxd.it/cPym
2025-01-09,Half Nelson,2006,https://boxd.it/20Ng
2025-01-09,A Beautiful Mind,2001,https://boxd.it/2amk
2025-01-09,Shrek,2001,https://boxd.it/29zi
2025-01-09,Beverly Hills Cop,1984,https://boxd.it/2baE
2025-01-09,Dolemite Is My Name,2019,https://boxd.it/je6E
2025-01-09,Incredibles 3,2028,https://boxd.it/OFoM
2025-01-09,It Chapter Two,2019,https://boxd.it/h10u
2025-01-09,George of the Jungle,1997,https://boxd.it/1VQO
2025-01-09,Blast from the Past,1999,https://boxd.it/1ToS
2025-01-09,Furry Vengeance,2010,https://boxd.it/1cGu
2025-01-09,GoodFellas,1990,https://boxd.it/29FA
2025-01-09,Silver Linings Playbook,2012,https://boxd.it/2TTo
2025-01-09,Casino,1995,https://boxd.it/2ads
2025-01-09,Once Upon a Time in America,1984,https://boxd.it/2aCs
2025-01-09,Brazil,1985,https://boxd.it/2be2
2025-01-09,The Irishman,2019,https://boxd.it/dYOq
2025-01-09,The Batman: Part II,2028,https://boxd.it/umDy
2025-01-09,The Lighthouse,2019,https://boxd.it/icFU
2025-01-09,High Life,2018,https://boxd.it/d6bk
2025-01-09,Remember Me,2010,https://boxd.it/1zyI
2025-01-09,The Lost City of Z,2016,https://boxd.it/a7jS
2025-01-09,Citizen Kane,1941,https://boxd.it/71O
2025-01-09,A Silent Voice: The Movie,2016,https://boxd.it/d99c
2025-01-09,City of God,2002,https://boxd.it/2a2a
2025-01-09,The Elephant Man,1980,https://boxd.it/27LQ
2025-01-09,Casablanca,1942,https://boxd.it/2aG0
2025-01-09,Requiem for a Dream,2000,https://boxd.it/29VI
2025-01-09,It's a Wonderful Life,1946,https://boxd.it/28xA
2025-01-09,There Will Be Blood,2007,https://boxd.it/20Z2
2025-01-09,Before Sunrise,1995,https://boxd.it/2bcU
2025-01-09,The Lion King,1994,https://boxd.it/201Q
2025-01-09,When Harry Met Sally...,1989,https://boxd.it/29W2
2025-01-09,The Sandlot,1993,https://boxd.it/1TDy
2025-01-09,Grave of the Fireflies,1988,https://boxd.it/1RUM
2025-01-09,E.T. the Extra-Terrestrial,1982,https://boxd.it/2a1G
2025-01-09,Groundhog Day,1993,https://boxd.it/2b3e
2025-01-09,Amélie,2001,https://boxd.it/2aUc
2025-01-09,Life Is Beautiful,1997,https://boxd.it/29Wm
2025-01-09,Alien,1979,https://boxd.it/2awY
2025-01-09,Vertigo,1958,https://boxd.it/2apI
2025-01-09,Once Upon a Time in the West,1968,https://boxd.it/2az4
2025-01-09,Princess Mononoke,1997,https://boxd.it/2b4w
2025-01-09,Scream,1996,https://boxd.it/24EC
2025-01-09,Blade Runner,1982,https://boxd.it/2bcA
2025-01-09,Scarface,1983,https://boxd.it/2b7g
2025-01-09,Prisoners,2013,https://boxd.it/4E5i
2025-01-09,Whiplash,2014,https://boxd.it/7bQA
2025-01-09,Home Alone,1990,https://boxd.it/29Fg
2025-01-09,Alita: Battle Angel,2019,https://boxd.it/e0rS
2025-01-09,Mr. Nobody,2009,https://boxd.it/1k44
2025-01-09,Hacksaw Ridge,2016,https://boxd.it/azew
2025-01-09,One Flew Over the Cuckoo's Nest,1975,https://boxd.it/2aeA
2025-01-09,The Best of Youth,2003,https://boxd.it/1Tje
2025-01-09,Rocky,1976,https://boxd.it/28Uk
2025-01-09,Ed Wood,1994,https://boxd.it/2adM
2025-01-09,The Social Network,2010,https://boxd.it/17ue
2025-01-09,Moonlight,2016,https://boxd.it/d6bE
2025-01-09,The Usual Suspects,1995,https://boxd.it/29XE
2025-01-09,Remember the Titans,2000,https://boxd.it/1VLk
2025-01-09,Office Space,1999,https://boxd.it/28Em
2025-01-09,The Wild Robot,2024,https://boxd.it/IWFy
2025-01-09,Perfect Days,2023,https://boxd.it/ATh8
2025-01-09,Anatomy of a Fall,2023,https://boxd.it/yuDE
2025-01-09,TÁR,2022,https://boxd.it/uNIA
2025-01-09,"tick, tick... BOOM!",2021,https://boxd.it/jz2e
2025-01-09,Drive My Car,2021,https://boxd.it/sv94
2025-01-09,The Worst Person in the World,2021,https://boxd.it/oyws
2025-01-09,Another Round,2020,https://boxd.it/lkba
2025-01-09,Nomadland,2020,https://boxd.it/lnRy
2025-01-09,The Father,2020,https://boxd.it/m8Ie
2025-01-09,Sound of Metal,2019,https://boxd.it/i7Q4
2025-01-09,Midsommar,2019,https://boxd.it/jhxe
2025-01-09,The Peanut Butter Falcon,2019,https://boxd.it/gzu2
2025-01-09,Green Book,2018,https://boxd.it/hErk
2025-01-09,mid90s,2018,https://boxd.it/fxIa
2025-01-09,A Star Is Born,2018,https://boxd.it/aXgc
2025-01-09,Roma,2018,https://boxd.it/f69M
2025-01-09,The Favourite,2018,https://boxd.it/d2hI
2025-01-09,Mission: Impossible – Fallout,2018,https://boxd.it/bSVc
2025-01-09,BlacKkKlansman,2018,https://boxd.it/hxL8
2025-01-09,Lady Bird,2017,https://boxd.it/dGNE
2025-01-09,A Taxi Driver,2017,https://boxd.it/fwac
2025-01-09,Call Me by Your Name,2017,https://boxd.it/dYmm
2025-01-09,Arrival,2016,https://boxd.it/aNGk
2025-01-09,Manchester by the Sea,2016,https://boxd.it/b2L0
2025-01-09,Captain Fantastic,2016,https://boxd.it/b2K2
2025-01-09,Ex Machina,2015,https://boxd.it/7T2k
2025-01-09,Argo,2012,https://boxd.it/2czU
2025-01-09,The Hunt,2012,https://boxd.it/3wEC
2025-01-09,The Girl with the Dragon Tattoo,2011,https://boxd.it/2Pa
2025-01-09,Warrior,2011,https://boxd.it/i3G
2025-01-09,Bridesmaids,2011,https://boxd.it/rac
2025-01-09,The King's Speech,2010,https://boxd.it/dX0
2025-01-09,Black Swan,2010,https://boxd.it/Sw0
2025-01-09,Coraline,2009,https://boxd.it/1NhQ
2025-01-09,Mary and Max,2009,https://boxd.it/1y2m
2025-01-09,The Hurt Locker,2008,https://boxd.it/1Soi
2025-01-09,Ponyo,2008,https://boxd.it/1S0A
2025-01-09,Mamma Mia!,2008,https://boxd.it/1Tnq
2025-01-09,WALL·E,2008,https://boxd.it/1VEo
2025-01-09,American Gangster,2007,https://boxd.it/23wi
2025-01-09,Elite Squad,2007,https://boxd.it/20YI
2025-01-09,Eastern Promises,2007,https://boxd.it/275q
2025-01-09,Zodiac,2007,https://boxd.it/27MO
2025-01-09,The Prestige,2006,https://boxd.it/293w
2025-01-09,The Devil Wears Prada,2006,https://boxd.it/2awE
2025-01-09,Pan's Labyrinth,2006,https://boxd.it/28No
2025-01-09,Marie Antoinette,2006,https://boxd.it/27Wa
2025-01-09,V for Vendetta,2005,https://boxd.it/29Ik
2025-01-09,Pride & Prejudice,2005,https://boxd.it/24u8
2025-01-09,Coach Carter,2005,https://boxd.it/218e
2025-01-09,Howl's Moving Castle,2004,https://boxd.it/23De
2025-01-09,Shaun of the Dead,2004,https://boxd.it/29J8
2025-01-09,Napoleon Dynamite,2004,https://boxd.it/20wu
2025-01-09,The Butterfly Effect,2004,https://boxd.it/27M0
2025-01-09,The Motorcycle Diaries,2004,https://boxd.it/28nU
2025-01-09,Big Fish,2003,https://boxd.it/2a3M
2025-01-09,Elf,2003,https://boxd.it/1VyK
2025-01-09,Mystic River,2003,https://boxd.it/2aAG
2025-01-09,Chicago,2002,https://boxd.it/28zm
2025-01-09,28 Days Later,2002,https://boxd.it/2aXU
2025-01-09,My Big Fat Greek Wedding,2002,https://boxd.it/20k4
2025-01-09,Training Day,2001,https://boxd.it/27A4
2025-01-09,The Princess Diaries,2001,https://boxd.it/1XCO
2025-01-09,Spirited Away,2001,https://boxd.it/2b4m
2025-01-09,Shaolin Soccer,2001,https://boxd.it/1T86
2025-01-09,Bridget Jones's Diary,2001,https://boxd.it/29WQ
2025-01-09,Battle Royale,2000,https://boxd.it/25zS
2025-01-09,Erin Brockovich,2000,https://boxd.it/2al2
2025-01-09,The Sixth Sense,1999,https://boxd.it/29Js
2025-01-09,Notting Hill,1999,https://boxd.it/2aeK
2025-01-09,Rush Hour,1998,https://boxd.it/27pU
2025-01-09,Mulan,1998,https://boxd.it/1VFw
2025-01-09,Fear and Loathing in Las Vegas,1998,https://boxd.it/27Xs
2025-01-09,The Big Lebowski,1998,https://boxd.it/2b6C
2025-01-09,Central Station,1998,https://boxd.it/29RG
2025-01-09,Hercules,1997,https://boxd.it/1SDW
2025-01-09,Fargo,1996,https://boxd.it/2aHM
2025-01-09,Primal Fear,1996,https://boxd.it/28ws
2025-01-09,Jumanji,1995,https://boxd.it/1ZLI
2025-01-09,Ghost in the Shell,1995,https://boxd.it/1YYc
2025-01-09,Braveheart,1995,https://boxd.it/2aTI
2025-01-09,Friday,1995,https://boxd.it/1VLO
2025-01-09,Léon: The Professional,1994,https://boxd.it/2b8S
2025-01-09,The Nightmare Before Christmas,1993,https://boxd.it/1YzQ
2025-01-09,Malcolm X,1992,https://boxd.it/27WE
2025-01-09,White Men Can't Jump,1992,https://boxd.it/1WWy
2025-01-09,Basic Instinct,1992,https://boxd.it/2asM
2025-01-09,My Cousin Vinny,1992,https://boxd.it/1WpO
2025-01-09,The Addams Family,1991,https://boxd.it/267g
2025-01-09,The Silence of the Lambs,1991,https://boxd.it/2aHW
2025-01-09,Pretty Woman,1990,https://boxd.it/2b6M
2025-01-09,Die Hard,1988,https://boxd.it/2a7u
2025-01-09,Who Framed Roger Rabbit,1988,https://boxd.it/29ry
2025-01-09,Beetlejuice,1988,https://boxd.it/24QI
2025-01-09,Predator,1987,https://boxd.it/2b84
2025-01-09,Aliens,1986,https://boxd.it/29PA
2025-01-09,Back to the Future,1985,https://boxd.it/2b8e
2025-01-09,The Goonies,1985,https://boxd.it/1YVC
2025-01-09,Amadeus,1984,https://boxd.it/2aH8
2025-01-09,The Karate Kid,1984,https://boxd.it/27Wk
2025-01-09,Gremlins,1984,https://boxd.it/29gg
2025-01-09,An American Werewolf in London,1981,https://boxd.it/29yk
2025-01-09,Friday the 13th,1980,https://boxd.it/24fs
2025-01-09,Kramer vs. Kramer,1979,https://boxd.it/h0w
2025-01-09,The Muppet Movie,1979,https://boxd.it/1UrS
2025-01-09,Apocalypse Now,1979,https://boxd.it/6ZS
2025-01-09,Halloween,1978,https://boxd.it/2wRu
2025-01-09,A Clockwork Orange,1971,https://boxd.it/2aVE
2025-01-09,2001: A Space Odyssey,1968,https://boxd.it/2bf0
2025-01-09,Happy Feet,2006,https://boxd.it/1XH0
2025-01-09,"The Good, the Bad and the Ugly",1966,https://boxd.it/2ape
2025-01-09,American Sniper,2014,https://boxd.it/5LDy
2025-01-09,Gran Torino,2008,https://boxd.it/1Qzy
2025-01-09,A Fistful of Dollars,1964,https://boxd.it/2auo
2025-01-09,The Mule,2018,https://boxd.it/idcY
2025-01-09,The Bridges of Madison County,1995,https://boxd.it/29Os
2025-01-09,Escape from Alcatraz,1979,https://boxd.it/1Vwk
2025-01-09,A Perfect World,1993,https://boxd.it/1Yng
2025-01-09,The Adam Project,2022,https://boxd.it/q2Dg
2025-01-09,Bumblebee,2018,https://boxd.it/f21O
2025-01-09,The Game,1997,https://boxd.it/26vC
2025-01-09,Milk,2008,https://boxd.it/1WZC
2025-01-09,My Sister's Keeper,2009,https://boxd.it/1Xh2
2025-01-09,Wonder,2017,https://boxd.it/ekeY
2025-01-09,The Judge,2014,https://boxd.it/6aiU
2025-01-09,In America,2002,https://boxd.it/1W5a
2025-01-09,The Boy and the Heron,2023,https://boxd.it/ipeM
2025-01-09,The Girl Who Killed Her Parents: The Confession,2023,https://boxd.it/GW5m
2025-01-09,Us,2019,https://boxd.it/gnV6
2025-01-09,My Mom Is a Character 3,2019,https://boxd.it/mYk4
2025-01-09,Two Sons of Francisco,2005,https://boxd.it/Geo
2025-01-09,The Seamstress,2017,https://boxd.it/h4VS
2025-01-09,The Second Mother,2015,https://boxd.it/9Ydm
2025-01-09,I'm Still Here,2024,https://boxd.it/BPEO
2025-01-09,Civil War,2024,https://boxd.it/z1jW
2025-01-09,Elysium,2013,https://boxd.it/2cBm
2025-01-09,Carandiru,2003,https://boxd.it/209g
2025-01-09,"Ó Paí, Ó: Look at This",2007,https://boxd.it/17ru
2025-01-09,"Basic Sanitation, the Movie",2007,https://boxd.it/1oC
2025-01-10,The Brothers Grimm,2005,https://boxd.it/24kW
2025-01-10,Nocturnal Animals,2016,https://boxd.it/bkFu
2025-01-10,Enemy,2013,https://boxd.it/5xtO
2025-01-10,Love & Other Drugs,2010,https://boxd.it/UIi
2025-01-10,The Day After Tomorrow,2004,https://boxd.it/2aog
2025-01-10,Source Code,2011,https://boxd.it/fdo
2025-01-10,Life,2017,https://boxd.it/dRqG
2025-01-10,Brothers,2009,https://boxd.it/20WW
2025-01-10,Demolition,2015,https://boxd.it/9GuY
2025-01-10,Jarhead,2005,https://boxd.it/70m
2025-01-10,October Sky,1999,https://boxd.it/1Q7u
2025-01-10,Stronger,2017,https://boxd.it/dRqQ
2025-01-10,MaXXXine,2024,https://boxd.it/CIM4
2025-01-10,Pearl,2022,https://boxd.it/zPbe
2025-01-10,Terrifier,2016,https://boxd.it/eRzg
2025-01-10,Infinity Pool,2023,https://boxd.it/oPSK
2025-01-10,Antichrist,2009,https://boxd.it/1Inu
2025-01-10,The Last Emperor,1987,https://boxd.it/29Ji
2025-01-10,The Boy in the Striped Pyjamas,2008,https://boxd.it/1NOK
2025-01-10,Gone in Sixty Seconds,2000,https://boxd.it/1Y4y
2025-01-10,Fences,2016,https://boxd.it/dL6A
2025-01-10,Nope,2022,https://boxd.it/sDCe
2025-01-10,A Quiet Place Part III,2027,https://boxd.it/Ozne
2025-01-10,Scooby-Doo and the Alien Invaders,2000,https://boxd.it/1Dxk
2025-01-10,Scooby-Doo! Camp Scare,2010,https://boxd.it/ONm
2025-01-10,Scooby-Doo! Return to Zombie Island,2019,https://boxd.it/mMdq
2025-01-10,ParaNorman,2012,https://boxd.it/2FuY
2025-01-10,Project X,2012,https://boxd.it/neO
2025-01-10,The Greatest Showman,2017,https://boxd.it/acjI
2025-01-10,Chappie,2015,https://boxd.it/5Y3e
2025-01-10,Missing Link,2019,https://boxd.it/gn0O
2025-01-10,Astro Boy,2009,https://boxd.it/1JVW
2025-01-10,Castle in the Sky,1986,https://boxd.it/1W4G
2025-01-10,Godzilla Minus One,2023,https://boxd.it/zu4c
2025-01-10,The Meg,2018,https://boxd.it/bAL4
2025-01-10,No Country for Old Men,2007,https://boxd.it/21ew
2025-01-10,Psycho,1960,https://boxd.it/2ab2
2025-01-10,Come and See,1985,https://boxd.it/1w9q
2025-01-10,Reservoir Dogs,1992,https://boxd.it/2agc
2025-01-10,The Sting,1973,https://boxd.it/1Z5s
2025-01-10,Miracle in Cell No. 7,2019,https://boxd.it/nFrM
2025-01-10,Full Metal Jacket,1987,https://boxd.it/2a1Q
2025-01-10,The Secret in Their Eyes,2009,https://boxd.it/1vWw
2025-01-10,The Ritual,2017,https://boxd.it/fo0I
2025-01-10,Downfall,2004,https://boxd.it/2a04
2025-01-10,Ray,2004,https://boxd.it/28km
2025-01-10,Portrait of a Lady on Fire,2019,https://boxd.it/jkPq
2025-01-10,The Theory of Everything,2014,https://boxd.it/7YtA
2025-01-10,Les Misérables,2012,https://boxd.it/2TT4
2025-01-10,The Trial of the Chicago 7,2020,https://boxd.it/kn3w
2025-01-10,The Good Nurse,2022,https://boxd.it/jIXI
2025-01-10,Memories of Murder,2003,https://boxd.it/1TSo
2025-01-10,"Three Billboards Outside Ebbing, Missouri",2017,https://boxd.it/ceBS
2025-01-10,In the Name of the Father,1993,https://boxd.it/20I6
2025-01-10,Stand by Me,1986,https://boxd.it/2aOe
2025-01-10,Gone Girl,2014,https://boxd.it/6hQu
2025-01-10,Yi Yi,2000,https://boxd.it/1vCw
2025-01-10,Stalker,1979,https://boxd.it/28PO
2025-01-10,The Princess Bride,1987,https://boxd.it/26EY
2025-01-10,Casino Royale,2006,https://boxd.it/1alk
2025-01-10,CODA,2021,https://boxd.it/tbf4
2025-01-10,Dogville,2003,https://boxd.it/2a8W
2025-01-10,Dances with Wolves,1990,https://boxd.it/2a4K
2025-01-10,The Bourne Identity,2002,https://boxd.it/26EO
2025-01-10,Sin City,2005,https://boxd.it/2aVk
2025-01-10,Chungking Express,1994,https://boxd.it/1UDa
2025-01-10,The Alpinist,2021,https://boxd.it/psEM
2025-01-10,Last Night in Soho,2021,https://boxd.it/lbJC
2025-01-10,The Menu,2022,https://boxd.it/lScm
2025-01-10,Nosferatu,2024,https://boxd.it/f5eG
2025-01-11,Wicked,2024,https://boxd.it/e8ME
2025-01-12,Knock at the Cabin,2023,https://boxd.it/npL2
2025-01-12,Late Night with the Devil,2023,https://boxd.it/zo6G
2025-01-12,Monkey Man,2024,https://boxd.it/kvsO
2025-01-12,Snowpiercer,2013,https://boxd.it/3Icg
2025-01-12,Babylon,2022,https://boxd.it/mM02
2025-01-12,A River Runs Through It,1992,https://boxd.it/2aFm
2025-01-12,Armageddon,1998,https://boxd.it/2b9Q
2025-01-12,Starsky & Hutch,2004,https://boxd.it/1YOQ
2025-01-12,The Tomorrow War,2021,https://boxd.it/lE78
2025-01-12,Hot Fuzz,2007,https://boxd.it/2416
2025-01-12,Batman Forever,1995,https://boxd.it/2ara
2025-01-12,Silence,2016,https://boxd.it/2cAo
2025-01-12,Raging Bull,1980,https://boxd.it/28yI
2025-01-12,The Aviator,2004,https://boxd.it/26BU
2025-01-12,The King of Comedy,1982,https://boxd.it/2aJS
2025-01-12,After Hours,1985,https://boxd.it/1VfS
2025-01-12,Bringing Out the Dead,1999,https://boxd.it/1ZZK
2025-01-12,Sick of Myself,2022,https://boxd.it/tEzs
2025-01-12,Barbarian,2022,https://boxd.it/yohi
2025-01-12,Smile,2022,https://boxd.it/xjfE
2025-01-12,The Black Phone,2021,https://boxd.it/sqFE
2025-01-12,No One Will Save You,2023,https://boxd.it/uUO6
2025-01-12,True Lies,1994,https://boxd.it/19pq
2025-01-12,The Creator,2023,https://boxd.it/oXWq
2025-01-12,First Blood,1982,https://boxd.it/28U0
2025-01-12,The Expendables,2010,https://boxd.it/1rtA
2025-01-12,"As Above, So Below",2014,https://boxd.it/7yui
2025-01-12,Fall,2022,https://boxd.it/Bf6G
2025-01-13,Tomorrowland,2015,https://boxd.it/4YaC
2025-01-13,Flight,2012,https://boxd.it/35Ca
2025-01-13,Death Becomes Her,1992,https://boxd.it/1YQi
2025-01-13,Anomalisa,2015,https://boxd.it/97TE
2025-01-13,Jingle All the Way,1996,https://boxd.it/1Z58
2025-01-13,Kingdom of Heaven,2005,https://boxd.it/28Gs
2025-01-13,Black Hawk Down,2001,https://boxd.it/29rI
2025-01-13,Tour de Pharmacy,2017,https://boxd.it/gnxS
2025-01-13,Anora,2024,https://boxd.it/Egcw
2025-01-13,Flow,2024,https://boxd.it/v1Ei
2025-01-13,Surf's Up,2007,https://boxd.it/1YKY
2025-01-13,Batman,1989,https://boxd.it/2aIU
2025-01-13,Miss Peregrine's Home for Peculiar Children,2016,https://boxd.it/8KPu
2025-01-13,Frankenweenie,2012,https://boxd.it/bPS
2025-01-13,Big Eyes,2014,https://boxd.it/36ms
2025-01-13,True Romance,1993,https://boxd.it/2aBa
2025-01-13,Palo Alto,2013,https://boxd.it/5Nzy
2025-01-13,Kiss Kiss Bang Bang,2005,https://boxd.it/23c8
2025-01-13,Tombstone,1993,https://boxd.it/1SE6
2025-01-13,Déjà Vu,2006,https://boxd.it/20PQ
2025-01-13,Song to Song,2017,https://boxd.it/aR5C
2025-01-14,Shakespeare in Love,1998,https://boxd.it/27Pe
2025-01-14,Turning Red,2022,https://boxd.it/ipkq
2025-01-14,Star Wars,1977,https://boxd.it/72s
2025-01-14,The Conversation,1974,https://boxd.it/2a38
2025-01-14,The Age of Adaline,2015,https://boxd.it/9ghu
2025-01-14,The Fugitive,1993,https://boxd.it/230G
2025-01-14,American Graffiti,1973,https://boxd.it/29us
2025-01-14,Witness,1985,https://boxd.it/1Z4O
2025-01-14,22 Jump Street,2014,https://boxd.it/5Fvy
2025-01-14,Secretariat,2010,https://boxd.it/13yG
2025-01-14,Into the Wild,2007,https://boxd.it/22m2
2025-01-14,Seabiscuit,2003,https://boxd.it/24iw
2025-01-14,The Money Pit,1986,https://boxd.it/1Wc6
2025-01-14,After Yang,2021,https://boxd.it/lx5a
2025-01-14,The Evil Dead,1981,https://boxd.it/29Go
2025-01-14,The Last of the Mohicans,1992,https://boxd.it/1YSo
2025-01-14,The Fifth Element,1997,https://boxd.it/71k
2025-01-14,"Honey, I Shrunk the Kids",1989,https://boxd.it/1YTw
2025-01-14,The Art of Racing in the Rain,2019,https://boxd.it/iYWk
2025-01-14,A Dog's Journey,2019,https://boxd.it/iY7m
2025-01-14,Chocolat,2000,https://boxd.it/2aue
2025-01-14,The Hunger Games,2012,https://boxd.it/2uds
2025-01-14,Triangle of Sadness,2022,https://boxd.it/hXlq
2025-01-14,Life As We Know It,2010,https://boxd.it/162S
2025-01-14,Venom: The Last Dance,2024,https://boxd.it/ynqo
2025-01-14,Bingo: The King of the Mornings,2017,https://boxd.it/fcGs
2025-01-14,All About Lily Chou-Chou,2001,https://boxd.it/1JP0
2025-01-14,The Piano Teacher,2001,https://boxd.it/2886
2025-01-14,Trainspotting,1996,https://boxd.it/29XY
2025-01-14,Beginners,2010,https://boxd.it/s2S
2025-01-14,Close-Up,1990,https://boxd.it/1m9q
2025-01-14,Taste of Cherry,1997,https://boxd.it/1m8W
2025-01-14,A Separation,2011,https://boxd.it/gvo
2025-01-14,All About My Mother,1999,https://boxd.it/2b9c
2025-01-14,Oldboy,2003,https://boxd.it/29R2
2025-01-14,The Handmaiden,2016,https://boxd.it/948A
2025-01-15,Rush,2013,https://boxd.it/3lyS
2025-01-15,Challengers,2024,https://boxd.it/zld0
2025-01-15,Race,2016,https://boxd.it/awuc
2025-01-15,Chariots of Fire,1981,https://boxd.it/1YFu
2025-01-15,Rosemary's Baby,1968,https://boxd.it/29zM
2025-01-15,Chinatown,1974,https://boxd.it/29vU
2025-01-15,Carnage,2011,https://boxd.it/2peU
2025-01-15,Detachment,2011,https://boxd.it/2BiY
2025-01-15,Predestination,2014,https://boxd.it/6bJM
2025-01-15,Super,2010,https://boxd.it/QgO
2025-01-15,Slither,2006,https://boxd.it/1Zks
2025-01-15,Jurassic World,2015,https://boxd.it/4n0g
2025-01-15,Hell or High Water,2016,https://boxd.it/bfGM
2025-01-15,Bone Tomahawk,2015,https://boxd.it/9kiw
2025-01-15,3:10 to Yuma,2007,https://boxd.it/23g0
2025-01-15,Super 8,2011,https://boxd.it/dVI
2025-01-15,Close Encounters of the Third Kind,1977,https://boxd.it/29u8
2025-01-15,Fido,2006,https://boxd.it/1WCI
2025-01-15,The Ballad of Buster Scruggs,2018,https://boxd.it/jB2q
2025-01-15,The Patriot,2000,https://boxd.it/27Bw
2025-01-16,Hostel,2005,https://boxd.it/28ig
2025-01-17,Twin Peaks,1989,https://boxd.it/g8pk
2025-01-17,Mulholland Drive,2001,https://boxd.it/297o
2025-01-17,The Straight Story,1999,https://boxd.it/2ass
2025-01-17,Blue Velvet,1986,https://boxd.it/29BI
2025-01-17,Eraserhead,1977,https://boxd.it/299u
2025-01-17,A Different Man,2024,https://boxd.it/BoEC
2025-01-17,Summer of 85,2020,https://boxd.it/oxQ2
2025-01-17,Wonka,2023,https://boxd.it/tCQm
2025-01-17,Encanto,2021,https://boxd.it/kPRu
2025-01-17,Dancer in the Dark,2000,https://boxd.it/71E
2025-01-17,Melancholia,2011,https://boxd.it/bPI
2025-01-17,The House That Jack Built,2018,https://boxd.it/dWO4
2025-01-17,Talk to Me,2022,https://boxd.it/C6uQ
2025-01-17,Lars and the Real Girl,2007,https://boxd.it/21tG
2025-01-17,Transformers One,2024,https://boxd.it/q7bc
2025-01-18,Dragonfly,2002,https://boxd.it/1XcQ
2025-01-18,Hidden Figures,2016,https://boxd.it/dgS4
2025-01-18,Waterworld,1995,https://boxd.it/1XLG
2025-01-19,The Invisible Man,2020,https://boxd.it/kWlA
2025-01-22,The Parent Trap,1998,https://boxd.it/1XJq
2025-01-22,Anastasia,1997,https://boxd.it/1YFk
2025-01-22,City of Angels,1998,https://boxd.it/29Bo
2025-01-22,Kinds of Kindness,2024,https://boxd.it/CWPw
2025-01-22,Maid,2021,https://boxd.it/x3mk
2025-01-25,Donnie Brasco,1997,https://boxd.it/1YRA
2025-01-25,Pearl Harbor,2001,https://boxd.it/29Q4
2025-01-26,The Apprentice,2024,https://boxd.it/IPqG
2025-01-26,The Brutalist,2024,https://boxd.it/k4BO
2025-01-26,A Real Pain,2024,https://boxd.it/CjNG
2025-01-26,Sing Sing,2023,https://boxd.it/HIBA
2025-01-26,Nickel Boys,2024,https://boxd.it/CStQ
2025-01-26,Memoir of a Snail,2024,https://boxd.it/EgX8
2025-01-26,No Other Land,2024,https://boxd.it/KOTG
2025-01-26,Insidious,2010,https://boxd.it/H4k
2025-01-26,Chuck Billy and The Marvelous Guava Tree,2024,https://boxd.it/zhi6
2025-01-26,Hereditary,2018,https://boxd.it/hNVe
2025-01-26,M3GAN,2022,https://boxd.it/jxmG
2025-01-26,The Hundred-Foot Journey,2014,https://boxd.it/6JBi
2025-01-26,Burnt,2015,https://boxd.it/9mVg
2025-01-26,Boiling Point,2021,https://boxd.it/uo2u
2025-01-26,Eat Drink Man Woman,1994,https://boxd.it/1Wem
2025-01-26,Julie & Julia,2009,https://boxd.it/1wXg
2025-01-26,Chef,2014,https://boxd.it/6lCG
2025-01-27,Persepolis,2007,https://boxd.it/27DC
2025-01-31,In the Mouth of Madness,1994,https://boxd.it/26vi
2025-02-09,Dr. Strangelove or: How I Learned to Stop Worrying and Love the Bomb,1964,https://boxd.it/29eY
2025-02-09,Monty Python and the Holy Grail,1975,https://boxd.it/29GI
2025-02-10,Tunnel,2016,https://boxd.it/dDq8
2025-02-10,Oppenheimer,2023,https://boxd.it/wUow
2025-02-10,Raya and the Last Dragon,2021,https://boxd.it/jbkI
2025-02-10,It,2017,https://boxd.it/bC8e
2025-02-10,Baby Driver,2017,https://boxd.it/bhF2
2025-02-10,Gravity,2013,https://boxd.it/GZY
2025-02-10,The Blind Side,2009,https://boxd.it/1zWg
2025-02-10,Fight Club,1999,https://boxd.it/2a9q
2025-02-10,American Pie,1999,https://boxd.it/27qy
2025-02-10,Coming to America,1988,https://boxd.it/1Ygu
2025-02-10,The Exorcist,1973,https://boxd.it/1Yoo
2025-02-10,Big,1988,https://boxd.it/271S
2025-02-10,The Great Gatsby,2013,https://boxd.it/JY
2025-02-10,Akira,1988,https://boxd.it/2b1i
2025-02-10,Romeo + Juliet,1996,https://boxd.it/2ama
2025-02-10,What We Do in the Shadows,2014,https://boxd.it/7eQy
2025-02-11,Eyes Wide Shut,1999,https://boxd.it/2axs
2025-02-11,Once Upon a Time... in Hollywood,2019,https://boxd.it/gH0O
2025-02-11,Heat,1995,https://boxd.it/2bg8
2025-02-11,The Insider,1999,https://boxd.it/1ZoE
2025-02-11,Carlito's Way,1993,https://boxd.it/226e
2025-02-11,Glengarry Glen Ross,1992,https://boxd.it/1Yw8
2025-02-11,Serpico,1973,https://boxd.it/1ZjE
2025-02-11,Scent of a Woman,1992,https://boxd.it/1YAu
2025-02-12,House of Gucci,2021,https://boxd.it/nVkC
2025-02-12,The Deer Hunter,1978,https://boxd.it/1T6O
2025-02-12,Little Women,2019,https://boxd.it/aSVk
2025-02-12,Burn After Reading,2008,https://boxd.it/23BW
2025-02-12,Furiosa: A Mad Max Saga,2024,https://boxd.it/tABk
2025-02-12,The Witch,2015,https://boxd.it/9X0m
2025-02-12,The Conjuring,2013,https://boxd.it/4sr2
2025-02-12,The Dreamers,2003,https://boxd.it/28X4
2025-02-14,The Glass Castle,2017,https://boxd.it/b8za
2025-02-15,Drag Me to Hell,2009,https://boxd.it/1Jzw
2025-02-15,Finding Dory,2016,https://boxd.it/4aAA
2025-02-15,The Godfather Part III,1990,https://boxd.it/2aN6
2025-02-15,Annie Hall,1977,https://boxd.it/29M2
2025-02-15,Manhattan,1979,https://boxd.it/29Na
2025-02-15,Something's Gotta Give,2003,https://boxd.it/21gC
2025-02-15,Misery,1990,https://boxd.it/28gY
2025-02-16,Natural Born Killers,1994,https://boxd.it/2aNg
2025-02-17,Malignant,2021,https://boxd.it/mViE
2025-02-17,[REC],2007,https://boxd.it/20ma
2025-03-03,Kiss of the Spider Woman,1985,https://boxd.it/1Tci
2025-03-03,The Quartet,1995,https://boxd.it/2fma
2025-03-03,The Given Word,1962,https://boxd.it/h6Y
2025-03-03,Four Days in September,1997,https://boxd.it/1Cd4
2025-03-04,The Hot Chick,2002,https://boxd.it/1SW0
2025-03-04,Disobedience,2017,https://boxd.it/ePFG
2025-03-04,Total Recall,1990,https://boxd.it/29qK
2025-03-04,"Are You There God? It's Me, Margaret.",2023,https://boxd.it/kiYC
2025-03-04,Red Eye,2005,https://boxd.it/1TNy
2025-03-04,The Family Stone,2005,https://boxd.it/1Zja
2025-03-04,The Little Prince,2015,https://boxd.it/9WbS
2025-03-04,The Vow,2012,https://boxd.it/2o4Y
2025-03-04,The Time Traveler's Wife,2009,https://boxd.it/1xH4
2025-03-04,Morning Glory,2010,https://boxd.it/16as
2025-03-04,To the Wonder,2012,https://boxd.it/gpU
2025-03-04,State of Play,2009,https://boxd.it/1JnA
2025-03-04,Say Anything...,1989,https://boxd.it/27B2
2025-03-04,"Planes, Trains and Automobiles",1987,https://boxd.it/26zE
2025-03-04,Sixteen Candles,1984,https://boxd.it/1MJk
2025-03-04,A Rainy Day in New York,2019,https://boxd.it/h2z6
2025-03-04,Blue Jasmine,2013,https://boxd.it/50MI
2025-03-04,Match Point,2005,https://boxd.it/2b6s
2025-03-04,Hannah and Her Sisters,1986,https://boxd.it/23jy
2025-03-04,Café Society,2016,https://boxd.it/bhEy
2025-03-04,Deconstructing Harry,1997,https://boxd.it/26xe
2025-03-04,The Man Who Killed Don Quixote,2018,https://boxd.it/9rkY
2025-03-04,The Fisher King,1991,https://boxd.it/2aWM
2025-03-04,12 Angry Men,1957,https://boxd.it/2auI
2025-03-04,12th Fail,2023,https://boxd.it/I1sM
2025-03-04,Jai Bhim,2021,https://boxd.it/wj82
2025-03-04,Seven Samurai,1954,https://boxd.it/2axi
2025-03-04,Harakiri,1962,https://boxd.it/1NTU
2025-03-04,The Intouchables,2011,https://boxd.it/2FT0
2025-03-04,Cinema Paradiso,1988,https://boxd.it/1UlA
2025-03-04,City Lights,1931,https://boxd.it/29ki
2025-03-04,Modern Times,1936,https://boxd.it/25MC
2025-03-04,The Lives of Others,2006,https://boxd.it/2a4A
2025-03-04,3 Idiots,2009,https://boxd.it/1Dsa
2025-03-04,Das Boot,1981,https://boxd.it/2av2
2025-03-04,Capernaum,2018,https://boxd.it/iM3s
2025-03-04,Sunset Boulevard,1950,https://boxd.it/2a20
2025-03-04,Witness for the Prosecution,1957,https://boxd.it/18H4
2025-03-04,Paths of Glory,1957,https://boxd.it/29b6
2025-03-04,The Great Dictator,1940,https://boxd.it/29ic
2025-03-04,High and Low,1963,https://boxd.it/1RSc
2025-03-04,North by Northwest,1959,https://boxd.it/2aRM
2025-03-04,Wonder Woman,2017,https://boxd.it/9roG
2025-03-04,The Sound of Music,1965,https://boxd.it/1MLK
2025-03-04,Klaus,2019,https://boxd.it/ipoi
2025-03-04,Epic,2013,https://boxd.it/3SNm
2025-03-04,Twilight,2008,https://boxd.it/1Zui
2025-03-04,The Good Dinosaur,2015,https://boxd.it/3AD4
2025-03-04,Big Trouble in Little China,1986,https://boxd.it/21em
2025-03-04,Miller's Crossing,1990,https://boxd.it/2avG
2025-03-04,Almost Famous,2000,https://boxd.it/29CQ
2025-03-04,In the Mood for Love,2000,https://boxd.it/29tE
2025-03-04,Perfect Blue,1997,https://boxd.it/1W7A
2025-03-04,La Haine,1995,https://boxd.it/2as8
2025-03-04,Neon Genesis Evangelion: The End of Evangelion,1997,https://boxd.it/1GRM
2025-03-04,Fallen Angels,1995,https://boxd.it/1UkW
2025-03-04,Satantango,1994,https://boxd.it/1j9M
2025-03-04,Love Exposure,2008,https://boxd.it/1pDe
2025-03-04,Werckmeister Harmonies,2000,https://boxd.it/1zzw
2025-03-04,Mirror,1975,https://boxd.it/28Q8
2025-03-04,Autumn Sonata,1978,https://boxd.it/1Rio
2025-03-04,Eternity and a Day,1998,https://boxd.it/1wSq
2025-03-04,Ran,1985,https://boxd.it/1Tlu
2025-03-04,Fanny and Alexander,1982,https://boxd.it/22go
2025-03-04,"Paris, Texas",1984,https://boxd.it/29Ts
2025-03-04,A Brighter Summer Day,1991,https://boxd.it/1Luy
2025-03-04,Wings of Desire,1987,https://boxd.it/2b26
2025-03-04,The American Friend,1977,https://boxd.it/1UkC
2025-03-04,Alice in the Cities,1974,https://boxd.it/27cG
2025-03-04,The Salt of the Earth,2014,https://boxd.it/7Uyc
2025-03-04,Maestro,2023,https://boxd.it/j0DE
2025-03-04,Enola Holmes,2020,https://boxd.it/hX2o
2025-03-04,The Holdovers,2023,https://boxd.it/vHza
2025-03-04,Kiki's Delivery Service,1989,https://boxd.it/1JAY
2025-03-04,Shoplifters,2018,https://boxd.it/ifY6
2025-03-04,Look Back,2024,https://boxd.it/LjA6
2025-03-04,Cure,1997,https://boxd.it/1blA
2025-03-04,Ritual,2000,https://boxd.it/14z6
2025-03-04,Aftersun,2022,https://boxd.it/Arw0
2025-03-04,The Man Who Sleeps,1974,https://boxd.it/3xwE
2025-03-04,Dreams,1990,https://boxd.it/1ROu
2025-03-04,Mysterious Skin,2004,https://boxd.it/1UsG
2025-03-04,Mother,2009,https://boxd.it/1m9g
2025-03-04,Platoon,1986,https://boxd.it/29BS
2025-03-04,Possession,1981,https://boxd.it/1BPm
2025-03-04,The Wind Rises,2013,https://boxd.it/4JQS
2025-03-04,Train to Busan,2016,https://boxd.it/dSQU
2025-03-04,The Seed of the Sacred Fig,2024,https://boxd.it/MKo4
2025-03-04,The Way He Looks,2014,https://boxd.it/70yA
2025-03-04,Spencer,2021,https://boxd.it/qPMG
2025-03-04,Nise: The Heart of Madness,2015,https://boxd.it/cqVK
2025-03-04,mother!,2017,https://boxd.it/dgRU
2025-03-04,Mr. Bean's Holiday,2007,https://boxd.it/28Yc
2025-03-04,"Love, Simon",2018,https://boxd.it/g02s
2025-03-04,Cinderella,2015,https://boxd.it/4KX6
2025-03-04,Beauty and the Beast,2017,https://boxd.it/ar0c
2025-03-04,Another Cinderella Story,2008,https://boxd.it/1MHS
2025-03-04,Sing Street,2016,https://boxd.it/cOo6
2025-03-04,Red Rooms,2023,https://boxd.it/ym4c
2025-03-04,The Descent,2005,https://boxd.it/1YNy
2025-03-04,Rebel Ridge,2024,https://boxd.it/nZum
2025-03-04,Saltburn,2023,https://boxd.it/z4eg
2025-03-04,Juror #2,2024,https://boxd.it/FRwU
2025-03-04,Shutter,2004,https://boxd.it/1JbY
2025-03-04,Heretic,2024,https://boxd.it/H1lY
2025-03-04,A Happy Family,2023,https://boxd.it/HoQ6
2025-03-04,"Black God, White Devil",1964,https://boxd.it/2fmY
2025-03-04,Antiporno,2016,https://boxd.it/eDjy
2025-03-04,Love for Sale,2006,https://boxd.it/3jjw
2025-03-04,"Cinema, Aspirins and Vultures",2005,https://boxd.it/UwG
2025-03-04,Cine Holliúdy,2013,https://boxd.it/6o22
2025-03-04,O Shaolin do Sertão,2016,https://boxd.it/eRYK
2025-03-04,Chico Xavier,2010,https://boxd.it/Zbo
2025-03-04,Lisbela and the Prisoner,2003,https://boxd.it/zdS
2025-03-04,Bacurau,2019,https://boxd.it/fSUG
2025-03-04,The Purge,2013,https://boxd.it/4Xg0
2025-03-04,Pixote,1980,https://boxd.it/XCs
2025-03-04,Lucio Flavio,1977,https://boxd.it/5rZ0
2025-03-05,Vai Que Dá Certo,2013,https://boxd.it/5uAC
2025-03-06,Emilia Pérez,2024,https://boxd.it/AP3G
2025-03-06,Maleficent,2014,https://boxd.it/3v1u
2025-03-06,Rise of the Planet of the Apes,2011,https://boxd.it/cS4
2025-03-06,Black Panther,2018,https://boxd.it/8MHs
2025-03-06,The Mitchells vs. the Machines,2021,https://boxd.it/i7xm
2025-03-06,Guillermo del Toro's Pinocchio,2022,https://boxd.it/kjMW
2025-03-06,About Time,2013,https://boxd.it/43bI
2025-03-06,My Neighbor Totoro,1988,https://boxd.it/20eA
2025-03-06,Inception,2010,https://boxd.it/1skk
2025-03-06,Interstellar,2014,https://boxd.it/4VZ8
2025-03-06,Spider-Man: Across the Spider-Verse,2023,https://boxd.it/kSz4
2025-03-06,Over the Garden Wall,2014,https://boxd.it/eqFw
2025-03-06,Pokémon the Movie: I Choose You!,2017,https://boxd.it/fw1k
2025-03-06,Pokémon: Twilight Wings,2020,https://boxd.it/sbGs
2025-03-06,The Green Knight,2021,https://boxd.it/kuy2
2025-03-06,Night at the Museum: Battle of the Smithsonian,2009,https://boxd.it/1H7U
2025-03-06,Teenage Mutant Ninja Turtles,2014,https://boxd.it/3oAs
2025-03-06,Dumbo,2019,https://boxd.it/aNYI
2025-03-06,Captain Marvel,2019,https://boxd.it/9vSA
2025-03-06,Hellboy,2004,https://boxd.it/28HK
2025-03-06,The Count of Monte Cristo,2024,https://boxd.it/F1Nk
2025-03-06,The Count of Monte Cristo,2002,https://boxd.it/1U24
2025-03-08,The Kiss,1981,https://boxd.it/5AkU
2025-03-08,Red Carpet,2005,https://boxd.it/1xwq
2025-03-08,Just Another Christmas,2020,https://boxd.it/slKa
2025-03-18,When Evil Lurks,2023,https://boxd.it/rXBe
2025-03-18,The Gentlemen,2019,https://boxd.it/iYBQ
2025-03-18,The Northman,2022,https://boxd.it/nK2s
2025-03-18,BlackBerry,2023,https://boxd.it/CoVK
2025-03-19,Barry Lyndon,1975,https://boxd.it/25A2
2025-03-19,The Holy Mountain,1973,https://boxd.it/20mu
2025-03-19,El Topo,1970,https://boxd.it/1QYS
2025-03-24,The Medium,2021,https://boxd.it/s0oi
2025-03-24,Ring,1998,https://boxd.it/26tw
2025-03-24,Paranormal Activity,2007,https://boxd.it/1yIM
2025-03-24,It Follows,2014,https://boxd.it/87wo
2025-03-24,Dawn of the Dead,1978,https://boxd.it/29gU
2025-03-24,Speak No Evil,2022,https://boxd.it/vqlg
2025-03-26,Only Lovers Left Alive,2013,https://boxd.it/4O1U
2025-03-26,Down by Law,1986,https://boxd.it/28CA
2025-03-26,Ghost Dog: The Way of the Samurai,1999,https://boxd.it/23Ne
2025-03-26,Night on Earth,1991,https://boxd.it/2ayq
2025-03-26,Mystery Train,1989,https://boxd.it/1Ub6
2025-03-26,Dead Man,1995,https://boxd.it/29h4
2025-03-26,Paterson,2016,https://boxd.it/cRk2
2025-03-27,The Blue Lagoon,1980,https://boxd.it/22KS
2025-03-31,The Iron Claw,2023,https://boxd.it/w5Pm
2025-04-01,Jeepers Creepers,2001,https://boxd.it/1ZAg
2025-04-08,Paprika,2006,https://boxd.it/23wW
2025-04-08,V/H/S,2012,https://boxd.it/2Y1c
2025-04-08,Cube,1997,https://boxd.it/2aoU
2025-04-08,Circle,2015,https://boxd.it/b5So
2025-04-08,Chip 'n Dale: Rescue Rangers,2022,https://boxd.it/eSk2
2025-04-08,Kingsman: The Secret Service,2014,https://boxd.it/6dxe
2025-04-11,Pineapple Express,2008,https://boxd.it/1WRS
2025-04-11,Wind River,2017,https://boxd.it/dR3i
2025-04-11,Reign Over Me,2007,https://boxd.it/26SQ
2025-04-11,The Accountant,2016,https://boxd.it/9EhI
2025-04-11,Dazed and Confused,1993,https://boxd.it/1Ylk
2025-04-11,The Town,2010,https://boxd.it/1zyS
2025-04-11,Field of Dreams,1989,https://boxd.it/26VK
2025-04-22,Wildlife,2018,https://boxd.it/eKYe
2025-04-27,Nothing to Hide,2018,https://boxd.it/hxUa
2025-04-27,Let the Right One In,2008,https://boxd.it/1Qr0
2025-04-27,Nosferatu the Vampyre,1979,https://boxd.it/21J0
2025-04-27,The Lost Boys,1987,https://boxd.it/28DI
2025-04-27,Humanist Vampire Seeking Consenting Suicidal Person,2023,https://boxd.it/Blzk
2025-04-27,Dear John,2010,https://boxd.it/1zO2
2025-04-27,From Dusk Till Dawn,1996,https://boxd.it/29HQ
2025-04-27,Ouija: Origin of Evil,2016,https://boxd.it/b5EG
2025-04-27,Doctor Sleep,2019,https://boxd.it/i5vI
2025-04-27,The Life of Chuck,2024,https://boxd.it/vMTu
2025-04-27,Gerald's Game,2017,https://boxd.it/buKa
2025-04-27,Patch Adams,1998,https://boxd.it/1Wzk
2025-04-29,The Village,2004,https://boxd.it/21iS
2025-04-29,The Visit,2015,https://boxd.it/9ssO
2025-04-29,Pokémon 4Ever,2001,https://boxd.it/1RBK
2025-04-29,Pokémon: The First Movie,1998,https://boxd.it/1WLA
2025-04-29,Pokémon the Movie 2000,1999,https://boxd.it/1RBU
2025-04-29,Blood Diamond,2006,https://boxd.it/28Tm
2025-04-29,Companion,2025,https://boxd.it/F04o
2025-04-29,Porco Rosso,1992,https://boxd.it/1Tp2
2025-04-29,Warfare,2025,https://boxd.it/LbRo
2025-04-29,Past Lives,2023,https://boxd.it/oNB8
2025-04-29,Close,2022,https://boxd.it/y4qa
2025-04-29,The Florida Project,2017,https://boxd.it/dMG0
2025-04-29,The Last Black Man in San Francisco,2019,https://boxd.it/iWAw
2025-04-29,The Farewell,2019,https://boxd.it/kIky
2025-04-29,Good Time,2017,https://boxd.it/fcFu
2025-04-29,20th Century Women,2016,https://boxd.it/bqU6
2025-04-29,First Reformed,2017,https://boxd.it/go9C
2025-04-29,A Ghost Story,2017,https://boxd.it/fb0K
2025-04-29,The Zone of Interest,2023,https://boxd.it/gJsA
2025-04-29,The Spectacular Now,2013,https://boxd.it/4VSG
2025-04-29,Eighth Grade,2018,https://boxd.it/hDMG
2025-04-29,A Time to Kill,1996,https://boxd.it/28pc
2025-04-29,In Time,2011,https://boxd.it/FPS
2025-04-29,Chronicle,2012,https://boxd.it/2Emk
2025-04-29,Brightburn,2019,https://boxd.it/jk58
2025-04-30,The Banshees of Inisherin,2022,https://boxd.it/p7XS
2025-05-01,Dead Man Walking,1995,https://boxd.it/29OC
2025-05-01,Walk Hard: The Dewey Cox Story,2007,https://boxd.it/21wK
2025-05-01,Apollo 10½: A Space Age Childhood,2022,https://boxd.it/oKiM
2025-05-01,Tenacious D in The Pick of Destiny,2006,https://boxd.it/27go
2025-05-04,Elephant,2003,https://boxd.it/287i
2025-05-04,To Die For,1995,https://boxd.it/2a5o
2025-05-08,Saturday Night,2024,https://boxd.it/Gpfo
2025-05-09,Somewhere in Time,1980,https://boxd.it/1JSy
2025-05-09,Boat Trip,2002,https://boxd.it/1YnA
2025-05-10,The Two Popes,2019,https://boxd.it/k8Xk
2025-05-10,Victoria & Abdul,2017,https://boxd.it/f00O
2025-05-10,Lion,2016,https://boxd.it/b2La
2025-05-10,Hotel Mumbai,2018,https://boxd.it/eGGg
2025-05-10,Sunshine,2007,https://boxd.it/28Xy
2025-05-11,Wanted,2008,https://boxd.it/1ZBS
2025-05-14,Over the Top,1987,https://boxd.it/2852
2025-05-14,Spirit: Stallion of the Cimarron,2002,https://boxd.it/1Zmo
2025-05-14,Atlantis: The Lost Empire,2001,https://boxd.it/1Vck
2025-05-14,Treasure Planet,2002,https://boxd.it/1Znm
2025-05-14,Rocketman,2019,https://boxd.it/iehK
2025-05-14,Coco,2017,https://boxd.it/bYJQ
2025-05-14,The Muppet Christmas Carol,1992,https://boxd.it/1WgC
2025-05-14,Emmet Otter's Jug-Band Christmas,1977,https://boxd.it/1CU8
2025-05-18,All Quiet on the Western Front,2022,https://boxd.it/H08
2025-05-25,Jerry & Marge Go Large,2022,https://boxd.it/vPf8
2025-05-25,War Dogs,2016,https://boxd.it/9SlO
2025-05-25,Old School,2003,https://boxd.it/1TmM
2025-05-25,Valentine's Day,2010,https://boxd.it/1gui
2025-05-25,The Informant!,2009,https://boxd.it/1U8c
2025-05-26,Palm Springs,2020,https://boxd.it/lCXQ
2025-05-26,Duplex,2003,https://boxd.it/2134
2025-05-26,Dirty Rotten Scoundrels,1988,https://boxd.it/1WZi
2025-05-26,Tommy Boy,1995,https://boxd.it/1TZ0
2025-05-26,Wayne's World,1992,https://boxd.it/1ZHG
2025-05-26,The Wrestler,2008,https://boxd.it/1So8
2025-06-11,Man on Fire,2004,https://boxd.it/1Yvk
2025-06-11,The Monkey,2025,https://boxd.it/Gwiu
2025-06-12,Frankenstein,1931,https://boxd.it/25Te
2025-06-12,Mary Shelley's Frankenstein,1994,https://boxd.it/25T4
2025-06-12,Young Frankenstein,1974,https://boxd.it/25To
2025-06-12,Inside Llewyn Davis,2013,https://boxd.it/34Ro
2025-06-12,At Eternity's Gate,2018,https://boxd.it/hI40
2025-06-12,Vampire's Kiss,1988,https://boxd.it/21aY
2025-06-12,Wild at Heart,1990,https://boxd.it/2aii
2025-06-12,Raising Arizona,1987,https://boxd.it/2avQ
2025-06-12,Warm Bodies,2013,https://boxd.it/2TFm
2025-06-12,Fruitvale Station,2013,https://boxd.it/4VRy
2025-06-12,Just Mercy,2019,https://boxd.it/iXj2
2025-06-12,Outlaw King,2018,https://boxd.it/gcxi
2025-06-12,We Live in Time,2024,https://boxd.it/FC5u
2025-06-12,The Man from U.N.C.L.E.,2015,https://boxd.it/67lG
2025-06-12,Emma.,2020,https://boxd.it/kmg0
2025-06-12,Marrowbone,2017,https://boxd.it/dZVC
2025-06-12,Thoroughbreds,2017,https://boxd.it/dVHQ
2025-06-12,Legends of the Fall,1994,https://boxd.it/24ho
2025-06-12,The Assassination of Jesse James by the Coward Robert Ford,2007,https://boxd.it/24dG
2025-06-20,Together,2025,https://boxd.it/LdFE
2025-06-20,The Bad Guys 2,2025,https://boxd.it/IAI6
2025-06-20,The Smashing Machine,2025,https://boxd.it/syUC
2025-06-20,Blade,1998,https://boxd.it/1a8A
2025-06-20,Zootopia 2,2025,https://boxd.it/F0vO
2025-06-20,Avatar: Fire and Ash,2025,https://boxd.it/2W7s
2025-06-20,Avengers: Doomsday,2026,https://boxd.it/BVqy
2025-06-20,"The Adventures of Priscilla, Queen of the Desert",1994,https://boxd.it/26mg
2025-06-30,The World's End,2013,https://boxd.it/3EiO
2025-06-30,For a Few Dollars More,1965,https://boxd.it/29eu
2025-07-02,Overboard,1987,https://boxd.it/1VpS
2025-07-02,Irreversible,2002,https://boxd.it/29as
2025-07-03,Novocaine,2025,https://boxd.it/JmdA
2025-07-03,Drop,2025,https://boxd.it/LyPq
2025-07-03,Fight or Flight,2024,https://boxd.it/K22E
2025-07-03,The Virgin Suicides,1999,https://boxd.it/28JG
2025-07-03,Lucky Number Slevin,2006,https://boxd.it/2aVu
2025-07-03,The Glory,2022,https://boxd.it/FwZw
2025-07-03,Four Weddings and a Funeral,1994,https://boxd.it/29KA
2025-07-04,RRR,2022,https://boxd.it/ljDs
2025-07-04,Three Thousand Years of Longing,2022,https://boxd.it/kmoy
2025-07-08,Burning Palms,2010,https://boxd.it/Qye
2025-07-10,30 Days of Night,2007,https://boxd.it/24dw
2025-07-10,Fright Night,2011,https://boxd.it/l1S
2025-07-10,Judas and the Black Messiah,2021,https://boxd.it/lsew
2025-07-16,Ben-Hur,1959,https://boxd.it/29RQ
2025-07-16,Gone with the Wind,1939,https://boxd.it/29Fq
2025-07-16,Breathless,1960,https://boxd.it/2aIK
2025-07-16,The Exterminating Angel,1962,https://boxd.it/1nRS
2025-07-16,The Great Escape,1963,https://boxd.it/22kA
2025-07-16,The Guns of Navarone,1961,https://boxd.it/1V62
2025-07-17,Spider-Man: Into the Spider-Verse,2018,https://boxd.it/azpY
2025-07-17,9,2009,https://boxd.it/1Scm
2025-07-17,In the Heart of the Sea,2015,https://boxd.it/6avY
2025-07-17,127 Hours,2010,https://boxd.it/SLa
2025-07-17,Love and Monsters,2020,https://boxd.it/lJ6E
2025-07-17,The Danish Girl,2015,https://boxd.it/9Ohy
2025-07-17,Bride of Chucky,1998,https://boxd.it/1SJU
2025-07-17,Same Old West,2024,https://boxd.it/OapE
2025-07-17,Motel Destino,2024,https://boxd.it/HXMo
2025-07-20,Good Boy,2025,https://boxd.it/SC0q
2025-08-03,Queen & Slim,2019,https://boxd.it/jy4y
2025-08-04,Michael,2026,https://boxd.it/zi5M
2025-08-04,Friendship,2024,https://boxd.it/L6Dc
2025-08-04,Billy Elliot,2000,https://boxd.it/2bdy
2025-08-04,All of Us Strangers,2023,https://boxd.it/Bz3C
2025-08-04,Jane Eyre,2011,https://boxd.it/15rs
2025-08-15,The Odyssey,2026,https://boxd.it/QFQU
2025-08-17,Brainstorm,2000,https://boxd.it/vlo
2025-08-18,Pi,1998,https://boxd.it/2ajq
2025-08-18,The Fountain,2006,https://boxd.it/28RU
2025-08-18,Bridge to Terabithia,2007,https://boxd.it/28YG
2025-08-18,Flipped,2010,https://boxd.it/Tb8
2025-08-18,My Girl,1991,https://boxd.it/24PK
2025-08-18,Alive,1993,https://boxd.it/210u
2025-08-30,Moon,2009,https://boxd.it/1IGQ
2025-08-30,Locke,2013,https://boxd.it/6hHC
2025-08-30,The First Omen,2024,https://boxd.it/fx08
2025-08-31,Priscilla,2023,https://boxd.it/Cz3k
2025-09-01,The Roses,2025,https://boxd.it/MjnI
2025-09-02,3 Men and a Baby,1987,https://boxd.it/1SpA
2025-09-02,About a Boy,2002,https://boxd.it/2aMC
2025-09-02,Grizzly Man,2005,https://boxd.it/2ag2
2025-09-02,Michael Clayton,2007,https://boxd.it/2466
2025-09-02,Fish Tank,2009,https://boxd.it/1xBg
2025-09-02,Frances Ha,2012,https://boxd.it/41Xg
2025-09-02,The Gleaners and I,2000,https://boxd.it/S6c
2025-09-02,The Act of Killing,2012,https://boxd.it/44Cg
2025-09-02,Volver,2006,https://boxd.it/2aQO
2025-09-02,"O Brother, Where Art Thou?",2000,https://boxd.it/2b3I
2025-09-02,Amour,2012,https://boxd.it/34Q6
2025-09-02,Under the Skin,2013,https://boxd.it/3mDa
2025-09-02,Toni Erdmann,2016,https://boxd.it/d0xu
2025-09-02,Best in Show,2000,https://boxd.it/1Pqq
2025-09-02,Carol,2015,https://boxd.it/7DPK
2025-09-02,A Serious Man,2009,https://boxd.it/1RFW
2025-09-02,A Prophet,2009,https://boxd.it/1BGE
2025-09-02,Phantom Thread,2017,https://boxd.it/e4uc
2025-09-02,Y Tu Mamá También,2001,https://boxd.it/28QM
2025-09-02,"Crouching Tiger, Hidden Dragon",2000,https://boxd.it/2b1M
2025-09-02,Children of Men,2006,https://boxd.it/1Y2i
2025-09-02,Crazy Rich Asians,2018,https://boxd.it/gfnK
2025-09-02,Bronson,2008,https://boxd.it/1GM8
2025-09-02,Caught Stealing,2025,https://boxd.it/LnyS
2025-09-03,Stuart: A Life Backwards,2007,https://boxd.it/EAM
2025-09-03,Tinker Tailor Soldier Spy,2011,https://boxd.it/FRY
2025-09-03,Noah,2014,https://boxd.it/34QA
2025-09-03,The Duellists,1977,https://boxd.it/1FLI
2025-09-03,Matchstick Men,2003,https://boxd.it/215a
2025-09-24,Crawl,2019,https://boxd.it/iwYi
2025-09-24,The Blue Trail,2025,https://boxd.it/IrKi
2025-10-06,Weapons,2025,https://boxd.it/EMTM
2025-10-16,Duel,1971,https://boxd.it/29ui
2025-10-16,Robin Hood,1973,https://boxd.it/1SRa
2025-10-16,The Falcon and the Winter Soldier,2021,https://boxd.it/sbH6
2025-10-16,Joy Ride,2001,https://boxd.it/1Vca
2025-10-16,The Hitcher,1986,https://boxd.it/1Yq0
2025-10-16,Munich,2005,https://boxd.it/2a0e
2025-10-16,The Sugarland Express,1974,https://boxd.it/23la
2025-10-16,West Side Story,2021,https://boxd.it/iwt0
2025-10-17,The Haunting of Hill House,2018,https://boxd.it/kfJ0
2025-10-17,Midnight Mass,2021,https://boxd.it/wvVA
2025-10-17,The Fall of the House of Usher,2023,https://boxd.it/IWYg
2025-10-17,The Haunting of Bly Manor,2020,https://boxd.it/rUdS
2025-10-17,The Untouchables,1987,https://boxd.it/2b6i
2025-10-17,A History of Violence,2005,https://boxd.it/2bfa
2025-10-17,Videodrome,1983,https://boxd.it/29uC
2025-10-17,Dead Ringers,1988,https://boxd.it/1Yqk
2025-10-17,Naked Lunch,1991,https://boxd.it/26ow
2025-10-17,Crash,1996,https://boxd.it/29n2
2025-10-17,Lady Vengeance,2005,https://boxd.it/248G
2025-10-30,Hercules,2014,https://boxd.it/5B7s
2025-11-05,El Mariachi,1992,https://boxd.it/1YRq
2025-11-05,Desperado,1995,https://boxd.it/20Bk
2025-11-05,Once Upon a Time in Mexico,2003,https://boxd.it/28LM
2025-11-05,Super Size Me,2004,https://boxd.it/1YQC
2025-11-09,Cronos,1992,https://boxd.it/1TjS
2025-11-10,End of Watch,2012,https://boxd.it/2F5O
2025-11-10,The Others,2001,https://boxd.it/27Po
2025-11-13,The Host,2006,https://boxd.it/28ZY
2025-11-13,The Phoenician Scheme,2025,https://boxd.it/H0Ca
2025-11-13,Eddington,2025,https://boxd.it/o6MC
2025-11-23,"Lock, Stock and Two Smoking Barrels",1998,https://boxd.it/2b92
2025-11-23,Guy Ritchie's The Covenant,2023,https://boxd.it/xjcK
2025-11-23,True Grit,2010,https://boxd.it/Sog
2025-11-23,Barton Fink,1991,https://boxd.it/2aFQ
2025-11-23,The Man Who Wasn't There,2001,https://boxd.it/1Vqc
2025-11-23,Blood Simple,1984,https://boxd.it/1U16
2025-11-23,The Tragedy of Macbeth,2021,https://boxd.it/lMi4
2025-11-23,The Hudsucker Proxy,1994,https://boxd.it/1SJA
2025-11-23,Charlie's Angels,2000,https://boxd.it/24v6
2025-11-23,The Running Man,1987,https://boxd.it/29q6
2025-11-23,The Long Goodbye,1973,https://boxd.it/281O
2025-11-23,The Family Man,2000,https://boxd.it/22e8
2025-11-23,Nine Queens,2000,https://boxd.it/1HBA
2025-11-23,Enemy at the Gates,2001,https://boxd.it/29s2
2025-11-24,The Postman,1994,https://boxd.it/1URG
2025-11-24,Room,2015,https://boxd.it/7T0y
2025-11-24,Arthur and the Invisibles,2006,https://boxd.it/1Xm2
2025-11-27,Inland Empire,2006,https://boxd.it/28d6
2025-11-27,Sorry to Bother You,2018,https://boxd.it/f21E
2025-11-27,White Chicks,2004,https://boxd.it/1SpK
2025-11-27,Idiocracy,2006,https://boxd.it/20RW
2025-11-27,The 6th Day,2000,https://boxd.it/207Y
2025-11-27,Sandy Wexler,2017,https://boxd.it/ePz4
2025-12-24,Wake Up Dead Man,2025,https://boxd.it/uAKS
2025-12-24,Five Nights at Freddy's 2,2025,https://boxd.it/KEvY
2025-12-24,Love Actually,2003,https://boxd.it/2aeU
2025-12-24,Bugonia,2025,https://boxd.it/qeWY
2025-12-28,Eternity,2025,https://boxd.it/LYtK
2026-01-08,The English Patient,1996,https://boxd.it/2arE
2026-01-08,Lawrence of Arabia,1962,https://boxd.it/2wRE
2026-01-08,Rebecca,1940,https://boxd.it/2aQa
2026-01-08,Rear Window,1954,https://boxd.it/2a6Q
2026-01-08,Dial M for Murder,1954,https://boxd.it/2adW
2026-01-08,Rope,1948,https://boxd.it/28yo
2026-01-08,Persona,1966,https://boxd.it/29B4
2026-01-08,Rashomon,1950,https://boxd.it/2a9K
2026-01-08,The Bridge on the River Kwai,1957,https://boxd.it/29wo
2026-01-08,The Searchers,1956,https://boxd.it/25HC
2026-01-10,The Housemaid,2025,https://boxd.it/QFEO
2026-01-11,Maniac,2018,https://boxd.it/jX9y
2026-01-11,Paddington,2014,https://boxd.it/3RKw
2026-01-11,Galaxy Quest,1999,https://boxd.it/29gq
2026-01-11,TRON: Legacy,2010,https://boxd.it/1Dlo
2026-01-11,Elio,2025,https://boxd.it/CFr8
2026-01-11,The Hitchhiker's Guide to the Galaxy,2005,https://boxd.it/20VE
2026-01-11,Star Trek,2009,https://boxd.it/1Q6c
2026-01-11,Predator: Badlands,2025,https://boxd.it/LeK6
2026-01-11,Serenity,2005,https://boxd.it/1Km4
2026-01-11,When Life Gives You Tangerines,2025,https://boxd.it/TRlA
2026-01-11,NANA,2006,https://boxd.it/qBBE
2026-01-11,Reply 1988,2015,https://boxd.it/uF9i
2026-01-11,I May Destroy You,2020,https://boxd.it/qX9i
2026-01-11,Men of Honor,2000,https://boxd.it/1SCE
2026-01-11,Cinderella Man,2005,https://boxd.it/29he
2026-01-12,Self/less,2015,https://boxd.it/71yw
2026-01-13,Matilda,1996,https://boxd.it/1VhY
2026-01-13,Gung Ho,1986,https://boxd.it/1PBo
2026-01-15,Send Help,2026,https://boxd.it/JuhA
2026-01-18,The Boxtrolls,2014,https://boxd.it/5grw
2026-01-21,The Thirteenth Year,1999,https://boxd.it/2X1A
2026-01-23,Monster,2023,https://boxd.it/DJEM
2026-01-23,Marty Supreme,2025,https://boxd.it/Off0
2026-02-04,Hamnet,2025,https://boxd.it/woVy
2026-02-20,Song of the Sea,2014,https://boxd.it/3Ic6
2026-02-20,Dawn of the Planet of the Apes,2014,https://boxd.it/3XyQ
2026-02-20,Limitless,2011,https://boxd.it/Aly
2026-02-22,The Voice of Hind Rajab,2025,https://boxd.it/UXdO
2026-02-22,Sentimental Value,2025,https://boxd.it/GwcG
2026-02-22,The Alabama Solution,2025,https://boxd.it/Slqc
2026-02-22,Little Amélie or the Character of Rain,2025,https://boxd.it/prg0
2026-02-22,Train Dreams,2025,https://boxd.it/LdDo
2026-02-23,Blue Moon,2025,https://boxd.it/Nzwy
2026-02-23,It Was Just an Accident,2025,https://boxd.it/TX2k
2026-02-23,Sirāt,2025,https://boxd.it/HxJo
2026-02-23,Song Sung Blue,2025,https://boxd.it/QMqO
2026-02-23,If I Had Legs I'd Kick You,2025,https://boxd.it/HUtS
2026-02-23,Arco,2025,https://boxd.it/uh7C
2026-02-24,This Is 40,2012,https://boxd.it/39WI
2026-02-25,All the President's Men,1976,https://boxd.it/29lU
2026-02-25,Midnight Cowboy,1969,https://boxd.it/25Hi
2026-02-25,The Graduate,1967,https://boxd.it/18Im
2026-02-25,Papillon,1973,https://boxd.it/22kK
2026-02-25,Marathon Man,1976,https://boxd.it/1W4c
2026-02-25,Straw Dogs,1971,https://boxd.it/2982
2026-02-25,Sleepers,1996,https://boxd.it/29xw
2026-02-25,Tootsie,1982,https://boxd.it/1YkG
2026-02-25,The Meyerowitz Stories (New and Selected),2017,https://boxd.it/dSp0
2026-02-25,Megalopolis,2024,https://boxd.it/lPBS
2026-02-25,Perfume: The Story of a Murderer,2006,https://boxd.it/28LW
2026-02-25,Runaway Jury,2003,https://boxd.it/1U7o
2026-02-25,"What's Up, Doc?",1972,https://boxd.it/21iy
2026-02-25,Funny Girl,1968,https://boxd.it/1KR2
2026-02-25,Bring Her Back,2025,https://boxd.it/Hxlc
2026-02-26,No Other Choice,2025,https://boxd.it/nKiA
2026-02-26,The Lobster,2015,https://boxd.it/7tnw
2026-02-26,In the Line of Fire,1993,https://boxd.it/1YOw
2026-02-26,Kelly's Heroes,1970,https://boxd.it/1Tu2
2026-02-26,Magnum Force,1973,https://boxd.it/1VJy
2026-02-26,Pay It Forward,2000,https://boxd.it/1VJI
2026-02-26,We Are Marshall,2006,https://boxd.it/1UsQ
2026-02-26,Joint Security Area,2000,https://boxd.it/26Ja
2026-02-26,Vampire Hunter D: Bloodlust,2000,https://boxd.it/1L3i
2026-02-26,Traffic,2000,https://boxd.it/27Ue
2026-02-26,Wonder Boys,2000,https://boxd.it/1USE
2026-02-26,The Invisible Woman,2009,https://boxd.it/1lUg
2026-02-28,The Intern,2015,https://boxd.it/7AOE
2026-02-28,Hard Eight,1996,https://boxd.it/20DU
2026-02-28,Inherent Vice,2014,https://boxd.it/5hla
2026-02-28,Licorice Pizza,2021,https://boxd.it/qTKY
2026-02-28,Senseless,1998,https://boxd.it/1RLg
2026-03-01,Sexy Beast,2000,https://boxd.it/1SZS
2026-03-01,In the Bedroom,2001,https://boxd.it/27Fo
2026-03-01,Gosford Park,2001,https://boxd.it/239e
2026-03-01,Moulin Rouge!,2001,https://boxd.it/29wI
2026-03-01,Monster's Ball,2001,https://boxd.it/28Uu
2026-03-01,Fast Times at Ridgemont High,1982,https://boxd.it/1QnM
2026-03-01,Risky Business,1983,https://boxd.it/1YUE
2026-03-01,21 Grams,2003,https://boxd.it/2ajK
2026-03-01,Gangster Squad,2013,https://boxd.it/2TVa
2026-03-01,I'm Still Here,2010,https://boxd.it/TcK
2026-03-01,Dungeons & Dragons: Honor Among Thieves,2023,https://boxd.it/hN1A
2026-03-02,Midnight in Paris,2011,https://boxd.it/i4a
2026-03-02,Lightyear,2022,https://boxd.it/qV1G
2026-03-02,Tarzan,1999,https://boxd.it/18YO
2026-03-02,The Breakfast Club,1985,https://boxd.it/27q4
2026-03-02,The Tree of Life,2011,https://boxd.it/1Zu8
2026-03-02,Talk to Her,2002,https://boxd.it/2beG
2026-03-02,Corpse Bride,2005,https://boxd.it/24WQ
2026-03-02,The Departed,2006,https://boxd.it/28MA
2026-03-02,Scott Pilgrim vs. the World,2010,https://boxd.it/1Aq6
2026-03-02,Toy Story 4,2019,https://boxd.it/9ALu
2026-03-02,Luca,2021,https://boxd.it/ipjC
2026-03-02,10 Cloverfield Lane,2016,https://boxd.it/aZiu
2026-03-02,The Shining,1980,https://boxd.it/29Nu
2026-03-02,Boyhood,2014,https://boxd.it/3178
2026-03-02,Paul Blart: Mall Cop,2009,https://boxd.it/1NQw
2026-03-02,The Hand That Rocks the Cradle,1992,https://boxd.it/1UFK
2026-03-02,Single White Female,1992,https://boxd.it/1Yg0
2026-03-02,Nikita,1990,https://boxd.it/1YYm
2026-03-02,The Normal Heart,2014,https://boxd.it/3NR4
2026-03-02,Maverick,1994,https://boxd.it/1YSI
2026-03-05,Nick of Time,1995,https://boxd.it/27ts
2026-03-05,25th Hour,2002,https://boxd.it/28LC
2026-03-05,Frida,2002,https://boxd.it/28Vi
2026-03-05,Rounders,1998,https://boxd.it/1WMS
2026-03-05,The People vs. Larry Flynt,1996,https://boxd.it/28rs
2026-03-05,The Painted Veil,2006,https://boxd.it/1OyS
2026-03-05,A Complete Unknown,2024,https://boxd.it/oBYa
2026-03-05,Red Dragon,2002,https://boxd.it/1Yrs
2026-03-05,The Illusionist,2006,https://boxd.it/28H6
2026-03-05,Leaving Las Vegas,1995,https://boxd.it/2amE
2026-03-05,What Dreams May Come,1998,https://boxd.it/1SoM
2026-03-16,KPop Demon Hunters,2025,https://boxd.it/ufwK
2026-03-20,Foxcatcher,2014,https://boxd.it/35Di
2026-03-20,Trumbo,2015,https://boxd.it/9gG0
2026-03-20,Darkest Hour,2017,https://boxd.it/dZZa
2026-03-25,The Book of Eli,2010,https://boxd.it/1Dnu
2026-03-25,Cobra,1986,https://boxd.it/1XDM
2026-03-25,House of Wax,2005,https://boxd.it/1XaU
2026-03-25,Van Helsing,2004,https://boxd.it/21aa
2026-03-25,Dead Silence,2007,https://boxd.it/1OWK
2026-03-25,The Mist,2007,https://boxd.it/22r2
2026-03-25,Commando,1985,https://boxd.it/1UTs
2026-03-25,Buried,2010,https://boxd.it/1tXC
2026-03-25,1408,2007,https://boxd.it/25Vu
2026-03-25,The Number 23,2007,https://boxd.it/258C
2026-03-25,The Skeleton Key,2005,https://boxd.it/1XxE
2026-03-25,Ready or Not,2019,https://boxd.it/kOf0
2026-03-27,The Wicker Man,1973,https://boxd.it/1KnG
2026-03-27,Lost Highway,1997,https://boxd.it/29Wc
2026-03-27,The Tale,2018,https://boxd.it/cOkI
2026-03-27,Alice Doesn't Live Here Anymore,1974,https://boxd.it/1KIa
2026-03-27,A Wolf at the Door,2013,https://boxd.it/6nHy
2026-03-27,Life of Brian,1979,https://boxd.it/2a4q
2026-03-31,Wanderlust,2012,https://boxd.it/D9q
2026-03-31,Stay,2005,https://boxd.it/20BE
2026-03-31,Fracture,2007,https://boxd.it/220K
2026-03-31,The Believer,2001,https://boxd.it/24Qy
2026-03-31,The Ides of March,2011,https://boxd.it/1WyG
2026-03-31,Ripley,2024,https://boxd.it/LT5S
2026-03-31,Uptown Girls,2003,https://boxd.it/1N64
2026-03-31,All Her Fault,2025,https://boxd.it/YTd4
2026-03-31,Night Moves,2013,https://boxd.it/4WFe
2026-03-31,A Lot Like Love,2005,https://boxd.it/1ZsQ
2026-03-31,Vengeance,2022,https://boxd.it/pu7U
2026-03-31,"Dude, Where's My Car?",2000,https://boxd.it/1ZJi
2026-03-31,Guess Who,2005,https://boxd.it/1Tmi
2026-03-31,What Happens in Vegas,2008,https://boxd.it/1Zlq
2026-03-31,No Strings Attached,2011,https://boxd.it/YUs
2026-03-31,Just Married,2003,https://boxd.it/1Szg
2026-03-31,Jobs,2013,https://boxd.it/3RcY
2026-03-31,Go,1999,https://boxd.it/1YHA
2026-03-31,The First Wives Club,1996,https://boxd.it/265O
2026-03-31,Snowden,2016,https://boxd.it/9CWO
2026-03-31,This Is Where I Leave You,2014,https://boxd.it/73kQ
2026-03-31,The Girl Next Door,2004,https://boxd.it/1VSq
2026-03-31,Mother's Day,2016,https://boxd.it/bSKI
2026-03-31,Rock Star,2001,https://boxd.it/1RPM
2026-04-06,Valkyrie,2008,https://boxd.it/275g
2026-04-18,They Don't Wear Black Tie,1981,https://boxd.it/66nQ
2026-05-06,Up in the Air,2009,https://boxd.it/1zPY
2026-05-14,The Nutty Boy,1995,https://boxd.it/BXe
2026-06-06,Looper,2012,https://boxd.it/ham
2026-06-06,Brick,2005,https://boxd.it/1Z6A
2026-06-06,Cloverfield,2008,https://boxd.it/2192
2026-06-06,The Cloverfield Paradox,2018,https://boxd.it/doVA
2026-07-16,Focker-in-Law,2026,https://boxd.it/RRsW
2026-07-16,Jumanji: Open World,2026,https://boxd.it/M3cu
2026-07-16,Coyote vs. Acme,2026,https://boxd.it/JHdm
2026-07-16,Club Kid,2026,https://boxd.it/Z6lK
2026-07-16,The Invite,2026,https://boxd.it/zRNY
2026-07-16,Minions & Monsters,2026,https://boxd.it/Odry
2026-07-16,Toy Story 5,2026,https://boxd.it/F06E
2026-07-17,The Squid and the Whale,2005,https://boxd.it/1VAG
2026-07-17,While We're Young,2014,https://boxd.it/7oOs
2026-07-17,Greenberg,2010,https://boxd.it/1rt6
2026-07-19,JFK,1991,https://boxd.it/29xm
2026-07-19,Glory,1989,https://boxd.it/1Y6u
2026-07-19,Dolores Claiborne,1995,https://boxd.it/1SKo
2026-07-19,The Lincoln Lawyer,2011,https://boxd.it/DRM
2026-07-19,Three Colours: Red,1994,https://boxd.it/2b7q
2026-07-19,Little Women,1994,https://boxd.it/1YiU
2026-07-19,Heavenly Creatures,1994,https://boxd.it/2974
2026-07-19,Quiz Show,1994,https://boxd.it/1TPa
2026-07-19,The Client,1994,https://boxd.it/1VwO
2026-07-19,Orlando,1992,https://boxd.it/1Z1K
2026-07-19,The Remains of the Day,1993,https://boxd.it/291A
2026-07-19,Short Cuts,1993,https://boxd.it/29Nk
2026-07-19,Mrs. Doubtfire,1993,https://boxd.it/29Cw
2026-07-19,The Age of Innocence,1993,https://boxd.it/1WgM
2026-07-19,The Piano,1993,https://boxd.it/29Kq
2026-07-20,Shine,1996,https://boxd.it/20MC
2026-07-20,Con Air,1997,https://boxd.it/28gO
2026-07-21,L.A. Confidential,1997,https://boxd.it/27oC
2026-07-21,Jacob's Ladder,1990,https://boxd.it/270g
2026-07-21,Lolita,1997,https://boxd.it/1XR0
2026-07-21,Fatal Attraction,1987,https://boxd.it/1UTC
2026-07-21,Unfaithful,2002,https://boxd.it/275A
2026-07-21,The Players Club,1998,https://boxd.it/1Er8
2026-07-21,Striptease,1996,https://boxd.it/1XCY
2026-07-30,Remarkably Bright Creatures,2026,https://boxd.it/OZJq
2026-07-30,NYAD,2023,https://boxd.it/xOSM
2026-07-31,Avatar Aang: The Last Airbender,2026,https://boxd.it/B1BK
2026-08-06,Phone Booth,2002,https://boxd.it/285G
2026-08-06,Friendly Beast,2017,https://boxd.it/gvzC
2026-08-06,Flamin' Hot,2023,https://boxd.it/nbEc
2026-08-06,Walt Before Mickey,2015,https://boxd.it/8uCO
2026-08-06,Coco Before Chanel,2009,https://boxd.it/1Uv6
2026-08-06,Ferrari,2023,https://boxd.it/cEtq
2026-08-06,Better Man,2024,https://boxd.it/u6t8
2026-08-06,The Running Man,2025,https://boxd.it/u36A
2026-08-11,"Good Luck, Have Fun, Don't Die",2025,https://boxd.it/Glua
2026-08-11,Cop Car,2015,https://boxd.it/9X0G
2026-08-11,Sicario,2015,https://boxd.it/8i7u
2026-08-11,Force Majeure,2014,https://boxd.it/7UcA
2026-08-11,A Most Violent Year,2014,https://boxd.it/75Va
2026-08-11,The Notebook,2013,https://boxd.it/60ye
2026-08-11,45 Years,2015,https://boxd.it/9ZPG
2026-08-11,The Clan,2015,https://boxd.it/bQmO
2026-08-11,Far from the Madding Crowd,2015,https://boxd.it/7lpa
2026-08-11,The Circle,2000,https://boxd.it/1PbA
2026-08-11,Knowing,2009,https://boxd.it/1Pmy
2026-08-11,Cocaine Bear,2023,https://boxd.it/ugw2
2026-08-11,Tremors,1990,https://boxd.it/1YSe
2026-08-12,Before Sunset,2004,https://boxd.it/2bcg
2026-08-12,Breaking the Waves,1996,https://boxd.it/2b1W
2026-08-12,The Idiots,1998,https://boxd.it/2amu
2026-08-12,Days of Heaven,1978,https://boxd.it/1JRg
2026-08-12,The Thin Red Line,1998,https://boxd.it/1ZTM
2026-08-12,Badlands,1973,https://boxd.it/25Fm
2026-08-12,A Hidden Life,2019,https://boxd.it/eb1Q
2026-08-12,Knight of Cups,2015,https://boxd.it/34Qq
2026-08-12,Let Me In,2010,https://boxd.it/Zsa
2026-08-12,Ruby Sparks,2012,https://boxd.it/3w9O
2026-08-12,Brüno,2009,https://boxd.it/1GSA
2026-08-12,Incendies,2010,https://boxd.it/Msm
2026-08-12,Polytechnique,2009,https://boxd.it/1AMG
2026-08-12,Next Floor,2008,https://boxd.it/3psY
2026-08-13,My Life as a Dog,1985,https://boxd.it/1ZOM
2026-08-13,Tucker and Dale vs. Evil,2010,https://boxd.it/Mce
2026-08-13,Stargate,1994,https://boxd.it/27iu
2026-08-14,My Name Ain't Johnny,2008,https://boxd.it/1IMu
2026-08-14,Lower City,2005,https://boxd.it/208M
2026-08-14,Guaxuma,2018,https://boxd.it/jhTa
2026-08-14,Invisible Life,2019,https://boxd.it/k1JU
2026-08-14,Latin Blood – The Ballad of Ney Matogrosso,2025,https://boxd.it/JZCY
2026-08-14,To the Left of the Father,2001,https://boxd.it/gJU
2026-08-14,Foreign Land,1995,https://boxd.it/lOg
2026-08-14,Aquarius,2016,https://boxd.it/d6YQ
2026-08-14,Behind the Sun,2001,https://boxd.it/1blU
2026-08-14,Bus 174,2002,https://boxd.it/209q
2026-08-14,Pictures of Ghosts,2023,https://boxd.it/G55S
2026-08-14,Mars One,2022,https://boxd.it/yoPa
2026-08-14,Madame Satã,2002,https://boxd.it/LO2
2026-08-14,Stolen Dreams,2009,https://boxd.it/Qbk
2026-08-14,Neighboring Sounds,2012,https://boxd.it/3nzS
2026-08-14,Good Manners,2017,https://boxd.it/aakY
2026-08-14,The Clown,2011,https://boxd.it/2MEc
2026-08-14,Captains of the Sands,2011,https://boxd.it/2Xvq
2026-08-14,Marighella,2019,https://boxd.it/i3RC
2026-08-14,Toy Story 3,2010,https://boxd.it/1WRe
2026-08-14,"Me, Myself & Irene",2000,https://boxd.it/27nY
2026-08-15,The Constant Gardener,2005,https://boxd.it/27HE
2026-08-15,City of Men,2007,https://boxd.it/20Zm
2026-08-17,Drained,2006,https://boxd.it/10LM
2026-08-19,The Reader,2008,https://boxd.it/20Dq
2026-08-19,Sense and Sensibility,1995,https://boxd.it/244E
2026-08-19,Little Children,2006,https://boxd.it/28Ka
2026-08-19,Shallow Grave,1994,https://boxd.it/1XyW
2026-08-22,Embrace of the Serpent,2015,https://boxd.it/baba
2026-08-24,Hannibal,2001,https://boxd.it/1XVc
2026-08-24,The Frighteners,1996,https://boxd.it/1Vq2
2026-08-26,Caddo Lake,2024,https://boxd.it/wDSu
2026-08-26,Twinless,2025,https://boxd.it/LkKc
2026-08-26,The Outfit,2022,https://boxd.it/u6Eq
2026-08-26,Deepwater Horizon,2016,https://boxd.it/9oiU
2026-08-26,Hall Pass,2011,https://boxd.it/H8G
2026-08-26,The Drama,2026,https://boxd.it/OA2w
2026-08-26,Jerry Maguire,1996,https://boxd.it/1YNS
2026-08-31,Ordinary People,1980,https://boxd.it/1JTm
2026-08-31,The Legend of Bagger Vance,2000,https://boxd.it/23zQ
2026-08-31,Lions for Lambs,2007,https://boxd.it/24dm
2026-08-31,Out of Africa,1985,https://boxd.it/2a0S
2026-08-31,Butch Cassidy and the Sundance Kid,1969,https://boxd.it/29Vy
2026-08-31,The Great Gatsby,1974,https://boxd.it/1UNY
2026-08-31,Jeremiah Johnson,1972,https://boxd.it/1SIi
2026-08-31,An Unfinished Life,2005,https://boxd.it/27N8
2026-08-31,The Horse Whisperer,1998,https://boxd.it/2a9U
2026-09-04,What Women Want,2000,https://boxd.it/24Sa
2026-09-05,Winter's Bone,2010,https://boxd.it/14FI
2026-09-05,Causeway,2022,https://boxd.it/lWQq
2026-09-05,No Hard Feelings,2023,https://boxd.it/xouu
2026-09-05,Die My Love,2025,https://boxd.it/D5cI
2026-09-06,Jackie,2016,https://boxd.it/d6bu
2026-09-06,Hotel Chevalier,2007,https://boxd.it/21Ic
2026-09-06,Police Story,1985,https://boxd.it/1Zhe
2026-09-06,Chinese Zodiac,2012,https://boxd.it/3oAi
2026-09-06,The Tuxedo,2002,https://boxd.it/1Vra
2026-09-06,Around the World in 80 Days,2004,https://boxd.it/1WPs
2026-09-06,Shanghai Noon,2000,https://boxd.it/202a
2026-09-06,My Left Foot: The Story of Christy Brown,1989,https://boxd.it/1WW4
2026-09-06,A Room with a View,1986,https://boxd.it/1UfC
2026-09-06,Beasts of No Nation,2015,https://boxd.it/8Lp8
2026-09-06,Crimson Tide,1995,https://boxd.it/1ZuM
2026-09-06,Horrible Bosses,2011,https://boxd.it/Ba2
2026-09-06,Escape from New York,1981,https://boxd.it/294k
2026-09-06,The Ghost and the Darkness,1996,https://boxd.it/1VTe
2026-09-06,Real Genius,1985,https://boxd.it/1OeI
2026-09-08,Legally Blonde,2001,https://boxd.it/1ZNa
2026-09-08,The Skeleton Twins,2014,https://boxd.it/7bCS
2026-09-08,Bottle Rocket,1996,https://boxd.it/1PDa
2026-09-08,All the Bright Places,2020,https://boxd.it/bpfQ
2026-09-08,Blades of Glory,2007,https://boxd.it/1Xrm
2026-09-08,The Grand Budapest Hotel,2014,https://boxd.it/3ZqO
2026-09-08,Rental Family,2025,https://boxd.it/JQOw
2026-09-10,Bad Lieutenant: Port of Call – New Orleans,2009,https://boxd.it/1TcW
2026-09-10,Pollock,2000,https://boxd.it/1RPC
2026-09-10,Departures,2008,https://boxd.it/1JFa
2026-09-10,The Cure,1995,https://boxd.it/21nI
2026-09-10,A Murder of Crows,1998,https://boxd.it/1IUI
2026-09-10,Jim & Andy: The Great Beyond,2017,https://boxd.it/gO36
2026-09-10,Hiroshima Mon Amour,1959,https://boxd.it/22WY
2026-09-10,Arlington Road,1999,https://boxd.it/295C
2026-09-10,Stir of Echoes,1999,https://boxd.it/1Ts6
2026-09-10,Frequency,2000,https://boxd.it/1VXA
2026-09-10,The Honest Candidate,2014,https://boxd.it/7tIu
2026-09-22,Tito and the Birds,2018,https://boxd.it/jcoQ
2026-09-22,I Lost My Body,2019,https://boxd.it/lAYs
2026-09-23,They Live,1988,https://boxd.it/20lm
2026-09-23,Assault on Precinct 13,1976,https://boxd.it/1I2c
2026-09-23,Starman,1984,https://boxd.it/1Y6O
2026-10-01,Primetime,2026,https://boxd.it/QX5s
2026-10-01,Heart of the Beast,2026,https://boxd.it/M95u
2026-10-01,The Further Mis-Adventures of Cliff Booth,2026,https://boxd.it/TZdY
